,index,Username,Title_Review,Rating_Review,Review,State,Type_traveler,Date_Travel,Attraction_id,validation_errors
2,2,Airton C,Muitas opções em um só lugar ,50,"O espaço é muito bonito e agradável com várias opções de restaurantes e algumas sorveterias.Ótima opção para os momentos  de chuva, que são comuns em Belém, ou para um final de tarde","Ouro Preto, MG",Families,,2,DATE_NULL;
36,36,Sonia R,Vale a pena Conhecer,50,"Lugar muito bonito, preservou toda a estrutura original do porto antigo, possui restaurantes, lojas e cervejaria artesanal. paisagem maravilhosa.","São Lourenço, MG",Families,,2,DATE_NULL;
38,38,Marinho Castro,Bares e Restaurantes,50,"ótimo local para almoçar, e passar fim de tarde e apreciar por do sol! excelente ponto turismo. o Local tem varias lojinhas com lembranças locais...","Manaus, AM",Families,,2,DATE_NULL;
39,39,Cris A,Estação das docas é parada obrigatoria em Belém!,50,"Local lindo e com muitas opções gastronomia. O preço é um pouco alto, mas como é um ponto turistico acredito que faz parte.",,Families,,2,DATE_NULL;
40,40,Luiz V,Lugar mágico,50,"É um dos pontos turísticos mais significativo do Brasil, junta a arquitetura com a linda vista e conforto","Belém, PA",Families,,2,DATE_NULL;
41,41,jcwcavalcante,Melhor que o puerto madero,50,"Antiga área portuária de Belém onde antigos galpões foram transformados em área gastronômica, de lazer e compras. Vá no final da tarde pra assistir o pôr do sol(toca o bolero de ravel também ). Lá pode ser feito um happy hour fantástico. Se for de carro tem estacionamento interno.","São Paulo, SP",Families,,2,DATE_NULL;
42,42,Fabiana P,Bonito e agradavel,50,"A visita é sempre agradável em qualquer horário do dia. Café da manhã com vista sensacional do rio ou almoço com comida típica, jantar ou happy hour com cerveja artesanal.","Belém, PA",Families,,2,DATE_NULL;
43,43,RicardoNeno,Imperdível,50,"A estação das docas é uma das principais atrações de Belém, são três galpões do antigo porto reformados que hoje conta com teatro, restaurantes, lanchonetes passeios de barco pela orla da cidade e um visual maravilhoso da baía do Guajará",,Families,,2,DATE_NULL;
106,106,Breno T,Lugar Romantico,50,"Vista perfeita, venta muito no local. Passeio seguro e propício para todas as classes e tipos de passeio.","Manaus, AM",Families,,2,DATE_NULL;
116,116,Keli S,Excelente cartão postal de Belém,50,"Foi um dos lugares que mais gostei de Belém. Bem limpo e seguro para turistas. Uma delícia jantar em frente a orla. Os restaurantes são bons. As lojinhas na parte superior são boas. Além de tudo, geralmente tem som ao vivo e shows de  carimbó.","Birigüi, SP",Families,,2,DATE_NULL;
122,122,psantos18,O melhor lugar da cidade,50,"Um lugar para passear, tomar um sorvete na sorveteria mais famosa Cairu. Mas também tem excelentes opções para almoçar ou jantar. Tomar uma cerveja regional na beira do rio, é muito bom. Tem estacionamento e é seguro. Abre todos os dias.","Rio de Janeiro, RJ",Families,,2,DATE_NULL;
125,125,Andrés G,Espaço muito bom para quase tudo,50,"Um ambiente totalmente reestilizado com muito conforto, um excelente ar condicionado, com muitas opções de alimentação, onde particularmente recomendo a Amazon Beer e Soprano, algum artesanato e bastante gente. Alguns bons eventos","João Pessoa, PB",Families,,2,DATE_NULL;
166,166,Leila P,Ótimo lugar para passear tanto de dia quanto a noite,40,"A estação das docas é um atrativo turístico para toda a família, as crianças podem se divertir  durante o dia, inclusive da estação sai um passeio de barco pela baía de guajará, muito bom por sinal é os adultos podem se divertir e aproveitar todos os restaurantes e inclusive a degustação do chopp artesanal com sabores regionais, os restaurantes também oferecem comidas regionais e tradicionais, vale a pena visitar.","Campinas, SP",Families,,2,DATE_NULL;
200,200,SuaneOSB,Único!,50,"Esse lugar tem uma vista linda. Além de ser limpo e agradável. Ademais, nele fica localizada a cervejaria Amazon Beer, onde é possível experienciar sabores peculiares como cerveja de açaí, cupulate, erva chama, priprioca, taperebá....","Vancouver, Canadá",Families,,2,DATE_NULL;
217,217,Elisa L,Apaixonante,40,"Pôr-do-sol à beira da Baía do Guajará, com ventinho no rosto, cheiro de maresia. Grande variedade de comidas típicas, o famoso sorvete Cairu (degustação imperdível  para quem vem a Belém), artesanato, segurança. Tem um porto do qual saem passeios para visitar as ilhas do entorno (preços variados e acessíveis), com música ao vivo e nos fins de semana c atrações da cultura regional. Entrada gratuita, estacionamento pago (mas pode deixar o carro nos estacionamentos ao lado e dar uma gorjeta mais em conta para os flanelinhas). E tudo isso a uma distância que dá p ir a pé até o Ver-o-peso.",,Families,,2,DATE_NULL;
232,232,Adriana D,passeio,50,"ótimo lugar para se curtir o pôr-do-sol, seja em família ou happy hour com amigos.lugar tranquilo para curtir.","Portugal, Portalegre, Portugal",Families,,2,DATE_NULL;
239,239,Carley B,Tem tudo que você precisa!,50,"atualmente colocaram um parquinho infantil, exposições, atrações ao vivo, comida! uma vista incrível e opção de passeio a barco!",,Families,,2,DATE_NULL;
244,244,Mario P,excelente,50,"Local com boa estrutura para passear e com bons restaurantes e algumas lojas, contando inclusive com escadas rolantes. O entardercer é lindo.",,Families,,2,DATE_NULL;
247,247,Andreia F,Excelente,50,Lugar super agradável as margens dá baia de Guajará com bons restaurantes e boa música. Pra curtir no almoço ou jantar ou simplesmente apreciar a vista da baia.,,Families,,2,DATE_NULL;
248,248,claudio_byte,"A estação das docas é um oásis em Belém, próxima do mercado Ver o Peso, porém,  com um apelo muito sofisticado.",50,"É um passeio imperdível. Ver o Por do Sol, experimentar o chope Amazon Beer, os restaurantes estilosos, compra de souvenires, musica ao vivo à noite e saída de passeios de barco com direito a show de carimbó.",,Families,,2,DATE_NULL;
249,249,Felipe V,Bonito,40,"O lugar é bem cuidado e tem uma vista e ambiente bem legal devido à proximidade com a baía do Guajará, porém a estação é pequena. Senti falta de um fraldário, tive que trocar a fralda dá minha filha em um banco.",,Families,,2,DATE_NULL;
250,250,bbarretocs,Legal,50,"Ótimos restaurantes para todas as refeições,  tanto almoço e jantar quanto para apreciar um belo sorvete apreciando a linda vista da Baía do Guajara.  Destaque para o restaurante Amazon beer que tem vários pratos diferentes e deliciosos.","São Paulo, SP",Families,,2,DATE_NULL;
253,253,cizalimacarioca,Lugar climatizado com uma bela vista,50,"lugar climatizado, agradável, restaurantes com comidas típicas, musica ao vivo, passeio de barco pelo rio com apresentação do Carimbo, banheiros limpos.","Brasília, DF",Families,,2,DATE_NULL;
255,255,Luiz A,ótima idéia para aproveitamento de um local,30,"A ideía de aproveitar um espaço a beira do rio e que estava em desuso foi excelente. Uma vista do rio excelente. O porém fica com os restaurantes que servem um bufê caro para o que oferecem. As comidas dispostas nas cubas são basicamente as mesmas e todas com os peixes das região. Arroz, Maniçoba, bobó de camarão ( não se anima pois não e o mesmo baiano), aipim, filés de peixe Filhote que é o mais oferecido e usual. Preços acima de R$150,00 sem bebida para um casal. O ponto alto fica para a Sorveteria Cairu que a exemplo de Fortaleza, vende sorvete Gourmet ao preço dos que são servidos nas Galerias da Avenida Paulista. Dos três Galpões, um é destinado a festas e Eventos, outro para Gastronomia e o terceiro seria para uma Feira de Artesanato que é pobre demais para ocupar esse espaço. O ponto melhor fica para um pequeno espaço com fotos que contam a história da evolução de Belém e do próprio Porto/ Docas. Esse espaço é muito interessante porque dá a verdadeira dimensão do espaço Docas e da evolução ou ''involução '  da Cidade.","Porto Alegre, RS",Families,,2,DATE_NULL;
256,256,Lucia B,Por do sol as margens do rio guama,40,"Lugar agradável para curtir uma brisa as margens do rio guama, um belo por do sol, um boa musica e muita comida regional. Pode ir sem pressa pela tarde ou a noite.","Belém, PA",Families,,2,DATE_NULL;
257,257,Helen Brite,Melhores restaurantes e passeio com mais segurança ,50,"Excelente cartão postal da cidade. Dispõe de vários restaurantes, teatro, cinema, atrações culturais e passeios que saem de barco pelos arredores da cidade. Excelente vista do por do sol e um ótimo lugar para as famílias passearem, ou com amigos, reunião de negócios, datas especiais, etc. Adoro ficar lá simplesmente pegando um vento ou tomar um sorvete da Cairu.","Rio de Janeiro, RJ",Families,,2,DATE_NULL;
261,261,Renata N,Ótima opção turistica,50,"O local é muito agradável, com várias opções gastronômicas, cervejaria artesanal (Amazon Beer), passeios turísticos. Vale a pena ir.","Palmas, TO",Families,,2,DATE_NULL;
277,277,Andrezza C,muito bonito,50,Melhor vista para a baía. Dá para ir antes no do ver-o-peso e depois se refrescar tomando um soverte na Cairu.,"Santos, SP",Families,,2,DATE_NULL;
375,375,Rafael,Lugar ótimo para happy hour e um bom visual do Rio,40,"Lugar organizado, com restaurantes, bares, sorveteria e algumas lojas. Muito limpo, com diferentes opções para almoço e janta. Lá localiza-se o brewpub da Amazon Beer, com excelente cardápio de petisco e cervejas artesanais.",Brasil,Families,,2,DATE_NULL;
451,451,Kassia M,Local de passeio e culinária paraense.,50,"Os restaurantes localizados na estação tem muitas opções de comidas regionais. A estação possui teatro, música ao vivo e as vezes tem algumas atrações do lado de fora. Vista para a baía do Guajará, vento bom e opção de passeio em barco em uma agência de turismo.","Castanhal, PA",Families,,2,DATE_NULL;
493,493,Bruno G,Ótimo lugar para passar o fim de tarde,40,"O local proporciona muitas opções de restaurantes e nos proporciona uma bela visão da Baía do Guajará, que fica ainda mais lindo ao final da tarde.","Fortaleza, CE",Families,,2,DATE_NULL;
500,500,Rita de Cássia ... M,Complexo Turístico e Cultural,40,Está localizado no antigo porto de Belém e tem várias atrações e serviços. Foram restaurados os armazéns do porto mas conservando as características da arquitetura dos seculos XVIII e XIX. A vários  restaurantes que ocupam a extensão dos armazéns e é uma das maiores atrações turísticas de Belém;,"Salto, SP",Families,,2,DATE_NULL;
503,503,Ágata Maia,Agradável em todos os momentos do dia,50,"Local agradável na beira do rio com lojas, bares e restaurantes que pode-se visitar em qualquer horário do dia. A noite costuma ter música ao vivo. Mas o ponto forte para mim é a sorveteria dentro do galpao, ela tem quiosques em outros lugares da cidade mas lá tem um gostinho especial; provar os diferentes sabores sentado assistindo a bela vista do rio e dos barcos passando.",,Families,,2,DATE_NULL;
520,520,Willian A,passeio,40,lugar ideal para passear em familia e amigos lugar de frente para o rio vc pode desfrutar da uma gastronomia muito boa com diversos tipos de cervejas e uma coisa que e muito importante ambiente com seguranca andando pelo local  o tempo todo.,"Belém, PA",Families,,2,DATE_NULL;
530,530,jean c,"Gastronomia, música boa e vista Maravilhosa.",50,"Lugar ótimo, quando sai de Belém as docas nem existiam quando eu voltei me deparei com  umas das vista mais exuberante que pude ter olhar o rio.","Fortaleza, CE",Families,,2,DATE_NULL;
532,532,Willeam W,ótimo lugar,50,lugar muito agradável e com uma vista incrível para a baia de Guanabara com um por do sol deslumbrante...,"Imperatriz, Maranhao, Brazil",Families,,2,DATE_NULL;
548,548,Isaac Sa,O local imperdível de belém,40,"Local voltado para turismo, preços salgados mas com um ótimo atendimento, boa comida, bebida bem gelada, boa música, vista linda, resumindo, se for em Belém passe lá, e se for de dia, aproveite pra da um pulo no ver-o-peso que é do lado.","Ananindeua, PA",Families,,2,DATE_NULL;
551,551,thabatax,Já foi melhor,30,"A estação era um dos meus lugares favoritos, mas acho que caiu no esquecimento, não temos mas nada atrativo a nao ser o por do sol que vamos combinar que não precisa estar lá para assistir essa maravilha. Falta mais atrações, esqueceram a estação","Belém, PA",Families,,2,DATE_NULL;
558,558,Claudiacb1,"Ótima ideia, mas na prática, meio sem graça",30,"Tudo é uma questão de expectativa né... Como a ideia da revitalização foi genial, e aglomerar boa gastronomia, arte, cultura tem tudo pra dar certo, esperava algo incrível. Mas na prática, fui lá almoçar e os restaurantes eram buffet e achei caro, uns R$60,00, os do andar de cima eram a kilo...A vista é linda, mas estava tudo vazio e meio fechado, acho que é por que era de dia..Ou seja, não achei nada demais lá! Especialmente que não dá pra andar a pé no entorno (como parece ser Belem inteira) devido o risco de assaltos. Mas pelo menos dentro do ""complexo"" me senti segura...",,Families,,2,DATE_NULL;
559,559,César C,Obrigatório para quem visita Belém,50,"Um dos melhores pontos turísticos da cidade com várias atrações e alguns dos melhores restaurantes da cidade. Apesar de ter acesso gratuito, preço dos restaurantes não é dos mais acessíveis, mas não é proibitivo. Um lugar ótimo para ver o pôr-do-sol.",,Families,,2,DATE_NULL;
564,564,Suellen B,Destaque na capital Paraense,50,"Ambiente maravilhoso e de qualidade, todos os estabelecimentos oferecem um padrão de qualidade e estão aptos a receberem os turistas e os moradores locais.","Belém, PA",Families,,2,DATE_NULL;
565,565,Luciana G,Ótimo para um happy hour,40,"Muito bom ambiente para um happy hour, passear e ver o rio. Só é extremamente caro, mas entrada é grátis, então não precisa consumir nada lá.","Castanhal, PA",Families,,2,DATE_NULL;
569,569,Cleide B,Passear final da tarde,50,"É um lugar lindo, com várias opções de restaurantes e cafés! Excelente lugar para sair com a família ! Tem uma vista linda para baia !",,Families,,2,DATE_NULL;
570,570,Gui-Melo,Excelente,50,"Quem vai a Belém pela primeira vez não pode deixar de conhecer esse local, com estrutura toda revitalizada o local é muito bom para momentos de descontração, localizado na beira do rio o local conta com vários bares e restaurantes, indico o Amazon Beer para beber uma cerveja local, experimentar a famosa linguiça de metro e o queijo marajó, ambiente legal, atendimento nota 10 e valores na média. Aos sábados é servido feijoada... Local conta com estacionamento privado e seguro.","Miami Beach, Flórida",Families,,2,DATE_NULL;
571,571,Vanna C,Parece com Puerto Madero,50,"Lugar maravilhoso para ir depois da chuva. Aproveite e tome um chopp no Amazon Bier, onde servem chope aromatizado com bacuri, açaí, etc","Brasília, DF",Families,,2,DATE_NULL;
572,572,Marco M,Ponto turístico obrigatório.,40,"Ótimo lugar para passear, comer, tomar um chopp, tomar um sorvete ou simplesmente ficar sentado olhando para a baiá de Marajó.","Belém, PA",Families,,2,DATE_NULL;
573,573,Fabiane C,Aniversario,40,"fui comemorar o meu aniversario com os meus amigos na Estação das Docas, lugar aconchegante,bonito um visual lindo para baia do Guajará,variados sabores de sovertes e cervejas, lugar recomendadíssimo.",,Families,,2,DATE_NULL;
574,574,Marcela M,Local turistico,50,"Muito bom pra conhecer, um lugar turistico com  comidas tipicas paraenses, passeios de barco, ambiente com ar condicionado.",,Families,,2,DATE_NULL;
575,575,Angela M,Ótimo por do sol,40,"Lugar com vários ambientes diferentes que proporciona muitas opções, bares, restaurantes, teatro, sorveteria, fábrica de cerveja etc","Carpina, PE",Families,,2,DATE_NULL;
583,583,Mariana L,Recomendo!,50,"Ótimos bares, música ao vivo, e excelente para reunir com amigos e família. Opções te pizza, restaurante, petiscos, além das cervejas artesanais que são atrações do local.",,Families,,2,DATE_NULL;
585,585,Augusta M,Local muito bomito e agradável,50,"Local muito bonito, agradável, com diversas opções de restaurantes e barzinhos, inclusive com música ao vivo. Fomos lá para jantar, e foi uma decisão acertadíssima pois lá é cheio de opções para diversos gostos.","Rio de Janeiro, RJ",Families,,2,DATE_NULL;
586,586,PhilipeJuliano,Muito bom,40,"É um local excelente para passar o fim de tarde e jantar. Tem vários restaurantes, desde buffet, regional, italiano, steakhouse, enfim, a variedade é grande. A vista é muito boa e tem música ao vivo nos fins de semana. Num local com tantos restaurantes reunidos senti falta de um espaço infantil para os pequenos. Tem estacionamento fechado e pago.","Brasília, DF",Families,,2,DATE_NULL;
587,587,camilaclima,Maravilhoso,50,"Lugar fantástico !! Com vários restaurante e bares para todos os gostos. Vc pode ficar dentro no ar condicionado, ou sentado ao ar livre . Na estação das Docas tem música ao vivo que fica passando em uma plataforma .","Belém, PA",Families,,2,DATE_NULL;
588,588,Wander M,agradavel,50,"lugar agradavel p familia , casais  ate mesmo sozinho .  restaurantes gastronomicos ,sorveterias , bares , muito bom. recomendo","Belém, PA",Families,,2,DATE_NULL;
590,590,EDIMAR C,MODERNO E PITORESCO,40,Local ideal para tomar um drink e bater um bom papo. Você poderá apreciar também as locas que oferecem souveniers. vale a pena conhecer;,"Rio de Janeiro, RJ",Families,,2,DATE_NULL;
595,595,Erika S,perfeito,50,"Lugar imperdível para visitar em Belém . Para passear, tirar lindas fotos ou comer em um dos vários restaurantes que tem lá.","Belém, PA",Families,,2,DATE_NULL;
596,596,Abigail_Araujo,Comidas variadas...,50,"Nas Docas tem diversos restaurantes, inclusive premiados, em que se pode desfrutar da diversificada culinária do Pará.","Mossoró, RN",Families,,2,DATE_NULL;
597,597,Helton A,Nossa estação,50,"Excelente lugar para passeios em familia ou casais, com restaurantes, sorveterias, passeios de barcos pela orla de belem, lugar de eventos tambem casamentos, 15 anos..... teatro.","Belém, PA",Families,,2,DATE_NULL;
598,598,OswaldoQuintas,Não deixe de ir,50,"Conjunto de armazenamento portuário revitalizado, contando com restaurantes, lanchonetes, lojas, centro de eventos, espaços culturais, etc., todos de excelente padrão, adequadíssimo ao atendimento de turistas (além dos locais, é claro), com facilidade de acesso e estacionamento e serviço de taxi à porta.","São Paulo, SP",Families,,2,DATE_NULL;
601,601,Sergio G,Ótima paisagem!,40,Ótimo local para aproveitar as belas paisagens da Baía do Guajará. Passeio bacana com a família a beira-rio!,,Families,,2,DATE_NULL;
603,603,Nathalia S,Muito bom,50,"Muito bom para paceios com a familia....por do sol mais lindo da cidade, vento gostoso ....ambiente agradável","Belém, PA",Families,,2,DATE_NULL;
612,612,Rianda R,Lindo!,50,"Ótimo lugar para apreciar o fim de tarde, com várias opções de restaurantes diversificados. Muito bom!","Barcarena, PA",Families,,2,DATE_NULL;
616,616,Marcelo2711,Excelente,50,"Ponto de encontro de amigos, família, turistas etc... Um complexo com um mix de restaurantes que tem no seu cardápio os pratos regionais paraenses além do mais você pode contemplar a beleza da baia do guajará.","Fortaleza, CE",Families,,2,DATE_NULL;
617,617,babalu00,Uma das melhores vistas de Belém ,50,Além de ter uma das melhores vistas de Belém também oferece os melhores restaurantes e bebidas da cidade. O único porém é o estacionamento que está com um preço absurdo de alto.,"Goiânia, GO",Families,,2,DATE_NULL;
619,619,Tiago C,"Lugar muito bonito, vale o passeio!",40,"Um lugar lindo, vale demais a visita, o rio é muito grande, bonito demais.Só me decepcionei pelos restaurantes, achei que haveria várias opções, e na verdade existem 4 ou 5 restaurantes, mas de qualidade muito boa, principalmente a sorveteria Cairu.",,Families,,2,DATE_NULL;
620,620,valeria195,Ambiente charmoso e agradável,50,"Excelente ambiente para apreciar uma paisagem belíssima  com vista para o rio, no final de tarde um por do sol lindo! Com gastronomia vasta e deliciosa, cerveja artesanal da melhor qualidade e musica ao vivo de muito bom gosto. Muito agradável!","Belém, PA",Families,,2,DATE_NULL;
621,621,Ricardo F,Almoco ,20,"Ja foi melhor, atendimento péssimo, estacionamento sempre com vagas necessitando espera, pouca segurança, os pratos do cardápio geralmente indisponíveis.","Belém, PA",Families,,2,DATE_NULL;
626,626,Jerry F,Interessante pelo lado gastronômico,50,Legal pelo aspcto cultural e possui restaurantes uma choperia com uma diversidade de chopps musica ao vivo e sovertes.vale conferir,"Campinas, SP",Families,,2,DATE_NULL;
630,630,KeithMorata,Um Charme,50,"Vale a pena ir de durante o dia, para ver o movimento dos barcos no rio, que é bonito, e vai mudando a coloração conforme se movimenta.Tomar um sorvete na Cairu e olhar o artesanato regional.Durante a noite é mais movimentado, com iluminação diferente, agradável.Vale tomar uma cerveja no Amazon Beer, que tem artesanais com sabores da amazônia (que eu gostei mais ou menos), mas a boa mesmo é a Tijuca.A gastronomia das Docas é incrível, uma delícia!!Vale o passeio.","São José dos Campos, SP",Families,,2,DATE_NULL;
631,631,DudueTuti,Obrigatório!,40,"Virou ícone de Belém, não dá para visitar a cidade e não ir. Projeto bem concebido e executado. Possui uma variedade de bares, restaurantes, lojinhas de artesanato e terminal de barcos. O ambiente é muito agradável e dá para ficar horas apreciando o visual e jogando conversa fora.","Brasília, DF",Families,,2,DATE_NULL;
636,636,Diego Henrique A,Ótimo lugar ,50,"Ótimo lugar para passear.  Observar o por do sol,  admirar a linda paisagem que a estação das docas oferece!","Acerra, Itália",Families,,2,DATE_NULL;
641,641,Kelly C,Um dos lugares mais bonitos pra ver o por do sol,50,"Quem vier conhecer Belem deve ir na Estação das Docas, um dos lugares mais bonitos pra curtir um lindo pôr do sol, já que a estação fica de frente pra Baia do Guajará, todas às sextas-feiras tem um projeto muito bacana que é a apresentação de grupos folclóricos a partir das 18:00, você tb pode encontrar na Estação das Docas vários restaurantes, lojas e um teatro. E pra quem quiser dar uma volta de barco na orla da Cidade existe uma empresa de turismo que dispõe de alguns pacotes com saídas diárias da Estação.","Belém, PA",Families,,2,DATE_NULL;
651,651,Letícia O,Lugar maravilhoso,50,"Prédio bonito, ambiente agradável, ótimos lugares para comer, com destaque a sorveteria cairu que sem dúvidas é a melhor de belém <3","Macapá, AP",Families,,2,DATE_NULL;
657,657,eliane g,um lugar lindo pra se visitar,40,"um lugar lindo com boa comida, com uma  paisagem linda do rio amazonas, um maravilhoso lugar pra levar a família, amei muito, e recomendo para todo que forem a belém do pará. Eu fui e com sertesa irei outras veszes","Osasco, SP",Families,,2,DATE_NULL;
673,673,Eudiman,VISTA EXCELENTE,50,Tem uma vista excelente para toda baía onde podemos visualizar grande parte do rio. excelentes restaurantes em seu interior com várias qualidades de culinária.,,Families,,2,DATE_NULL;
685,685,Renata,MUITA BELEZA EM UM SÓ LUGAR,50,"Um dos meus lugares preferidos em Belém. Tem vista para o rio, diversos restaurantes e muitas atrações culturais.","São Paulo, SP",Families,,2,DATE_NULL;
823,823,Elisa B,"""Melhor point de Belém""",50,"É a melhor vida noturna de Belém e imperdível para turistas conhecer. Um lugar totalmente revitalizado mas mantendo a arquitetura primitiva das docas. O local também possui uma cervejaria artesanal muito bem estruturada com excelente visual, oferecendo chopp bem gelado e de ótima qualidade. Esse local tem vários restaurantes em ambientes internos, com ar condicionado e música ao vivo e externos, ao ar livre às margens do rio Guajará.","Vitória, Espirito Santo, Brazil",Families,,2,DATE_NULL;
827,827,SheilaBord,Delícia de passeio!,50,"Adorei o lugar, vista e opções gastronômicas.Tanto para um sorvete, cerveja, jantar, ou passeio de barco, a visita às docas é bem agradável.","Valência, Espanha",Families,,2,DATE_NULL;
832,832,ronaldo a,imperdivel,40,"Parte dos armazens do porto de Belem, foram reformados e transformados em areas tematicas com cervejaria, restaurantes , lojas de venda de artesanatos , joias, bombons do Para, e se transformou em local de visita obrigatoria para quem vai a Belem.A propria estaçao de barcos foi remodelada e e bastante acolhedora.","Niterói, RJ",Families,,2,DATE_NULL;
834,834,Dulcineia A,vale a pena,50,"Estação das docas é um ótimo lugar para se visitar tanto para quem é de fora da cidade quanto para quem é morador de Belém. Nesse local você pode degustar a culinária paraense, apreciar a paisagem e fazer compras do artesanato de Belém.","Belém, PA",Families,,2,DATE_NULL;
836,836,Alessandra M,Muito bom,40,"Lá é um lugar bucólico e ao mesmo tempo aconchegante, tem bons restaurantes, inclusive de comida orgânica , o Bio Mercato. Há a opção de tomar café nas Mulatas, ou happy hour na Amazon Beer. Além uma visão maravilhosa da baia do Guajará.Ideal para reunir com amigos e família.","Belém, PA",Families,,2,DATE_NULL;
837,837,Mauro R,Requinte as margens da baía do Guajará,50,A Estação das Docas tornou-se um dos lugares mais visitados pelas pessoas que viajam a Belém. É um espaço que junta sofisticação e diversidade as margens da baía do Guajará. Excelnte oportunidade para quem está passeando com a família ou realizando negócios.,"Belém, PA",Families,,2,DATE_NULL;
850,850,Heloisa_Nunes,"ESTAÇÃO DAS DOCAS, BELEM, PA",40,"Lugar perfeito para o final da tarde. Com muitos restaurantes, barzinhos, lojinhas de souvernirs, anfiteatro, sorveterias (o sorvete de Belém do Pará é o melhor do mundo!!!),a culinária paraense é exótica, uma delicia na Baia de Guajará! Da Estação das Docas  saem os barcos que fazem vários passeios  com apresentações de danças folclóricas!!! Lugar perfeito para relaxar, apreciar o pôr-o-sol marailhoso, namorar ouvindo musica ao vivo do restarurante Marujo´s Grill Belém!!! Recomendo!","Teresina, PI",Families,,2,DATE_NULL;
898,898,Reginaldo L,local turístico onde há restaurantes e lojas diversificadas,50,"gostei da excelente comida servida nos restaurantes de lá, principalmente dos peixes e do licor de jambú, sem similar, pois deixa os lábios e céu da boca levemente adormecidos..... O peixe filhote servido em seus restaurantes, é muito gostoso....","Vitória, ES",Families,,2,DATE_NULL;
905,905,Gabriel S,Ótimo para jantar com amigos,40,"Ambiente bem agradável, possui lojas e restaurantes para passear, vista para a baia do Guajará, excelente para turistas, vale muito a pena... Bom para passear com familias e amigos","Belém, PA",Families,,2,DATE_NULL;
912,912,Eliakim m,Alto custo,50,"É um excelente local, mas tem um altos custo para os turistas, recomendo apenas para passeio.Muito bom de se namorar e curtir uma musica.","Brasília, DF",Families,,2,DATE_NULL;
952,952,Mailza C,Ótimo lugar,50,"A Estação das Docas é um lugar ótimo para visitar. O lugar é uma delícia pra passear com a família e os amigos. A vista é muito bonita, os restaurantes são de ótima qualidade e muito variados e existem outras ótimas opções de lazer. Com certeza é um ponto turístico da cidade que deve ser visitado.","Belém, PA",Families,,2,DATE_NULL;
956,956,EdnaNeiva,Aconchegante e confortável.,50,"Um complexo que reune gastronomia, cultura e compras em um só lugar. Localizado na orla da Baia do Guajará, em Belém, Pará.  Você se diverte e pode apreciar o Por-do-Sol  desse lugar maravilhoso.","Belém, PA",Families,,2,DATE_NULL;
965,965,Biriba w,vale o passeio,50,Tente fazer o passeio de barco que fica na parte sul do sítio . O horário é que esta errado !  Para aqueles que saem no final da tarde é muito mais legal dos que saem pela manhã. Vale ver a cidade no por do sol e  na sequencia ter uma visão noturna.,"São Paulo, SP",Families,,2,DATE_NULL;
976,976,Edilene R,Muito Bom,40,"Lugar para fazer uma higiene mental, pois tem uma vista maravilhosa do seu Rio....barcos...navios...etc.","Belém, PA",Families,,2,DATE_NULL;
984,984,tatranquilo,Ótimo lugar para tomar uma,50,"Apesar do preço um tanto salgado, o conforto e o visual compensam. De segunda à quarta tem promoção no happy hour do Amazon Beer","Belém, Para, Brazil",Families,,2,DATE_NULL;
986,986,Fabio P,Janela para o rio,40,"Excelente lugar para se contemplar um final de tarde, com boas opções de restaurantes, bares e sorveterias.","Belém, PA",Families,,2,DATE_NULL;
987,987,Nilminha,Muito bom,40,"Um espaço muito gostoso, confortável e estiloso para se conhecer. Lá há bons restaurantes e lojinhas onde pode-se comprar souvernis interessantes.","Belém, PA",Families,,2,DATE_NULL;
989,989,Rons12ap,Lindo,50,Um dos melhores lugares para ser visitado pelas famílias.Todas as vezes que vou à Belém não deixo de ir fazer uma visita a este lugar maravilhoso.Eu super recomendo.,"Belém, PA",Families,,2,DATE_NULL;
992,992,Orleans F,Ótimo,50,Foi uma agradável surpresa. Cheguei em Belém bem no horário da chuva. Fui passear na estação das Docas e ao chegar a chuva estiou. A Estação é muito bonita e com bons restaurantes. Pude tomar um sorvete delicioso e apreciar um por do sol maravilhoso nesta cidade tão bonita de Belém.,"Belém, PA",Families,,2,DATE_NULL;
998,998,RosaCarvalho,VISTA LINDA!,50,"Excelentes restaurantes, com vista para o rio e música ao vivo. Você também encontra sorvetes regionais, livraria, caixas eletrônicos, e exposições. Vale à pena visitar!","Belém, PA",Families,,2,DATE_NULL;
1001,1001,katiaromano,aconchegante,50,"Um lugar aconchegante, ambiente totalmente familiar, muito lindo.Espaço para cultura, diversão e comilança maravilhoso.","Belém, PA",Families,,2,DATE_NULL;
1030,1030,Alexandre H,porto remodelado,40,"como um dos primeiors porto remodelados, o de belem tem varias lojas, e restaurantes, parecendo um shopping",rio de janeiro,Families,,2,DATE_NULL;
1032,1032,Manauara,ótimos restaurante,50,"Com ótimos restaurantes, bares e sorveterias. Lá vc pode almoçar e jantar a qualquer hora sempre ao bom som ao vivo.","Florianópolis, SC",Families,,2,DATE_NULL;
1035,1035,Marcelo K,Excelente programa,50,"Não tem como errar. Excelente lugar com diversas opções de almoço, algumas lojinhas e uma vista maravilhosa da baia.","Vinhedo, SP",Families,,2,DATE_NULL;
1036,1036,Beatriz A,Passeio no tempo,50,"O local foi revigorado porém manteve a estrutura inicial....restaurantes requintados, com comidas tipicas da região... muito glamour. Adorei.","Brasília, DF",Families,,2,DATE_NULL;
1039,1039,Gilmara C,Muito bom,50,"Variedade de restaurante, vista linda. Local muito organizado e limpo, possui estacionamento e música ao vivo a noite. Melhor lugar para passear.","Manaus, AM",Families,,2,DATE_NULL;
1041,1041,DemasGomes,Gastronomia,50,"Local bonito, onde se encontra ótimos restaurantes, com comidas típicas muito boas. Um dos melhores locais que visitamos em Belém.","Foz do Iguaçu, PR",Families,,2,DATE_NULL;
1042,1042,barbosa2013,sem falhas,50,"viajamos no carnaval para Belém e estava muita coisa fechada pot isto quando saimos para passear, almoçar ou jantar a estação das docas é sem falhas.","Juiz de Fora, MG",Families,,2,DATE_NULL;
1044,1044,luhamoy,fim de tarde ideal,50,"Bom para terminar o dia, tomando uma cerveja, e jogando conversa fora, o por do sol é lindo, o lugar é seguro, organizado e se não estiver de carro não precisa pagar",belem,Families,,2,DATE_NULL;
1046,1046,dtrc,lugar bastante interessante,40,"Trata-se de um centro comercial inspirado no Puerto Madero, de Buenos Aires. Bons restaurantes com uma vista muito interessante e diferente para o rio. Experimente comer no Lá em Casa e depois saborear sorvetes de frutas típicas de sobremesa no Cairu.","Belo Horizonte, MG",Families,,2,DATE_NULL;
1051,1051,Rosielle2013,Vale a pena conhecer,50,"Ambiente agradável, existe vários restaurantes com uma vasta gastronomia e diferente especialidade. Tem música ao vivo pela parte da noite e estacionamento privado durante todo o dia.","Colônia, Alemanha",Families,,2,DATE_NULL;
1067,1067,ayumi n,Bom passeio para almoçar,40,"A estação dispõe de banheiros, de cenários de fundo lindos para tirar fotos, ainda conta com restaurante, onde muitas famílias aos finais de semana almoçam tendo a vista maravilhosa para o rio. É preciso tomar cuidado com crianças pequenas por conta de vãos que dão para o rio que é bem fundo.Ao final da Estação tem lojas interessantes de lembranças porém caras.",são paulo,Families,,2,DATE_NULL;
1105,1105,Luana A,Muito animado.,50,"Restaurantes legais, lojinhas de artesanato, música excelente com uma banda que se movimenta pelas docas e uma sorveteria espetacular com muitos sorvetes de frutas regionais..","Fortaleza, CE",Families,,2,DATE_NULL;
1112,1112,SAVIO C,Excelente Infraestrutura,50,"O lugar está localizado as margens da Baia do Guajará, que banha a cidade a cidade de Belém, e ao lado do mercado do ver o peso. É um complexo de restaurantes e bares, com toda infraestrutura e conforto que o turista procura. Excente para apreciar o pô do sol ou escutar uma musiquinha e degustar uma boa comida durante a noite.É um local perfeito para o turista!","Belém, PA",Families,,2,DATE_NULL;
1153,1153,pedroeol,Excelentes restaurantes.,50,"A Estação das Docas é um local fantástico.Além de ser muito bonito, possui restaurantes com excelente cozinha.A paisagem é deslumbrante e vale à pena o por-do-sol.Local ideal para passear com a família ou com os amigos.","Tucuruí, PA",Families,,2,DATE_NULL;
1161,1161,Sergis L,Lugar péssimo,50,"O mercado ver-o-peso é um local muito ruim para se visitar. Nao possui instalações adequadas para turistas, o local é muito sujo. Nao recomendo a visita.",Belém,Families,,2,DATE_NULL;
1178,1178,MRMLIMA,Gastronomia em Belém,50,Excelente local para provar as delecías de Belém do Pará e assistir a apresentações culturais. Adorei os sorvetes da sorveteria Cairu com frutas coloridas e de sabor marcante e único.,"Serra Talhada, PE",Families,,2,DATE_NULL;
1182,1182,andrec2013,Local muito agradável,50,"O local é bem agradável para passear com a acompanhante, família e amigos. aconselho a visitar o Amazon Beer, com comidas agradáveis e um Chopp muito agradável.","Belém, PA",Families,,2,DATE_NULL;
1199,1199,RCOLIVEIRA,Agradável,40,"Lugar muito bom de passear, ver o por do sol, tomar um tucupi no tacacá, tem uma ótima estrutura, climatizado, restaurantes com bom atendimento.","Salvador, BA",Families,,2,DATE_NULL;
1203,1203,KarineAquino,Várias opções em um só lugar,50,"A Estação das Docas é um lugar agradável tanto durante o dia como à noite. De dia, tem vários restaurantes bons, sorveteria Cairu e é possível fazer um passeio de barco sensacional. À noite, além dos restaurantes, tem vários barzinhos gostosos para ficar de frente para o rio. É muito agradável!","Belém, PA",Families,,2,DATE_NULL;
1206,1206,Henrique V,Poló Gastronômico,40,"Lugar onde se concertra restaurantes,bares,sorveterias.Além de ser de onde parte os barcos para os passeios,dentre os quais,para a Ilha de Marajó.","Fortaleza, Ceara, Brazil",Families,,2,DATE_NULL;
1228,1228,Ramesh27,& Atmosfera do lugar Fantástico,50,"Excelente comida típica amazï¿ ½ia, Cairu sorvete (o melhor em Belém), com cargas de sabores de frutas tropicais, e boa música ao vivo, interior de instalações modernas de armazéns Dockyard antient melhorada à beira do rio. Um deve, em Belém!","Manaus, AM",Families,,2,DATE_NULL;
1232,1232,Larissa C,Passeio,50,"Um ótimo lugar para ir em família ou casal , de frente pro Rio com uma ótima gastronomia e atendimento perfeito ideial para qualquer dia da semana.","Belém, PA",Couples,,2,DATE_NULL;
1263,1263,Leandro Targino,"Passeio, jantar e expressões culturais",50,"Sem dúvida, o ponto turístico mais conhecido da cidade de Belém. Não espere encontrar um lugar gigante ou com quilômetros de percurso. Mas vale muito a pena passar por lá, comer um Peixe Típico (filhote, pirarucu, tambaqui etc), tomar um chopp de açaí ou bacuri e finalizar a noite com um sorvete na famosa Sorveteria Cairu. Ótimo!","São Paulo, SP",Couples,,2,DATE_NULL;
1264,1264,Euvaldo L,Passeio e jantar,40,"O local é ótimo.Preços altos, bons restaurantes, boas lojinhas de artesanato e produtos locais com preços altos.Vale a pena conhecer e conferir.",,Couples,,2,DATE_NULL;
1265,1265,Guilherme,Belo lugar com boas opções gastronômicas,50,"O local rende boas fotos, tem sorveteria e excelentes opções para jantar e happy hour. Happy hour: Amazon BeerJantar: Lá em Casa",,Couples,,2,DATE_NULL;
1266,1266,Jéssica Arruda,Ótimo passeio,40,"Local muito bonito e agradável para um passeio. É possível tirar lindas fotos e ver um belo pôr do sol. Ótimo também para descontrair nos restaurantes. Local com ar condicionado, bastante opção para comer e beber, ótimos sorvetes! Estive em Belém no carnaval e passamos umas 3 vezes pelas Docas. Imperdível! Pertinho do ver o peso!","Rio de Janeiro, RJ",Couples,,2,DATE_NULL;
1267,1267,Anderson V,Jantar a beira rio!,50,"Este centro conta com estacionamento amplo, ambientes refrigerado e externo, otimas chopperias para um happy hour e também restaurantes e primeira para um jantar romântico ou familiar. UM DOS MELHORES ESPAÇOS DE BELÉM.","Belém, PA",Couples,,2,DATE_NULL;
1268,1268,Viviane G,Lugar incrivel,50,"A estação das docas está localizado no centro velho de Belém. O espaço foi muito bem utilizado, com restaurantes, choperia, sorveteria, café, artesanato e outros espaços reservados para eventos. A vista é linda. De lá sai um passeio pelo Rio Guamá que é uma delícia. Vale a pena visitar e fazer o passeio.",,Couples,,2,DATE_NULL;
1269,1269,Nabil O,Nosso puerto Madero,50,"Local muito agradavel...antigo  porto reformado, com restaurantes, lanchonetes e algumas lojinhas, vizinho do mercado ver o peso..De dia, a caminhada vale a pena pela beleza do Rio e o visual exuberante das ilhas, e a noite badalação, cervejas artesanais, comida regional e um sorvete artesanal delicioso.Seguro, de acesso controlado, ar condicionado no interior e brisa do rio nas mesas de fora...Show de bola.",,Couples,,2,DATE_NULL;
1270,1270,Jenyfe C,Passeii rapido de casal,50,"Ótimo, lugar de paz, tranquilidade, comida boa, uma área de lazer tbm para levar as crianças durante a tarde pra conhecer o rio!",,Couples,,2,DATE_NULL;
1324,1324,cristianne_fidelis,Comer com diversão!,50,"A Estação das Docas é o exemplo de como transformar os espaços urbanos que perdem suas funções originais em ambientes para turistas e locais se divertirem, com atrações culturais, bares e restaurantes, artesanato tudo em um só lugar. Amei!","São Leopoldo, RS",Couples,,2,DATE_NULL;
1327,1327,errada,Lugar para relaxar,40,"Lugar com variedade de restaurantes e souvenirs, climatizado, com música ao vivo à noite. Boa opção para happy hour ou jantar. Recomendados especialmente o buffet de happy hour do Amazon Beer, com preço fixo para comida e bebida à vontade (é necessário verificar dias e horários). Os sorvetes do Cairu também são imperdíveis, só é difícil escolher entre tantas opções.","Manaus, AM",Couples,,2,DATE_NULL;
1328,1328,Caroline W,Imperdível ,50,"Indo para passear é um ponto crucial para ser visitado, é bom ir no happy de segunda a quarta da Amazon Beer ou ir para um almoço, escutar uma música ao vivo de um palco suspenso, o lugar totalmente reformado, tem ares contemporâneos, tem algumas lojinhas de souvenirs e tem várias opções gastronômicas, super recomendo, mas tenha cuidado pois a área a noite não é muito adequada para se dar bobeira! Mas se vc for atencioso e cuidadoso, vá sem problemas ou vá em grupos!","São Paulo, SP",Couples,,2,DATE_NULL;
1331,1331,Danielle T,Super agradável,50,"Ótimo ambiente pra conhecer um pouco da cultura e gastronomia paraense. Restaurante do Tio Armênio é excelente! E pra gosta de uma cervejinha, é válido conhecer a amazonbeer, e comer uma porção de unha de caranguejo. Adorei!","Goiânia, GO",Couples,,2,DATE_NULL;
1332,1332,Juarez S,Parece um shopping horizontal,40,"O lugar é bonito, restaurantes com música ao vivo (na parte externa tem couvert) os restaurantes não são muito em conta e as vezes tem porções bem pequenas, as lojas para compras de souvenir tem o preço bom e qualidade","Curitiba, PR",Couples,,2,DATE_NULL;
1333,1333,andnery7,Ótima estrutura!,50,"Muito bom para degustar a culinária, fazer passeio de barco e conhecer os sabores de Belém! Sorvetes, restaurantes e agencia turística, alem de caixas eletrônicos e policiamento o tempo todo!","Arujá, SP",Couples,,2,DATE_NULL;
1334,1334,Israel G Neto,Ótimo lugar para fim de tarde em Belém,50,Ir ao Pará merece uma visita a estação das Docas. Tomar um chopp legítimo da região tendo a vista do Rio à frente.,"Marataízes, ES",Couples,,2,DATE_NULL;
1335,1335,Lucileia C,Um oásis,40,Um oásis! Ao lado do mercado ver_ o-peso. As docas servem de refresco é calmaria. Fomos durante o dia numa segunda feira. Nada funciona somente a sorveteria estava aberta. Dizem que é bom durante a noite.,,Couples,,2,DATE_NULL;
1336,1336,Roberto B,Ambiente diferenciado,50,"As margens da Baía do Guajará, antiga doca, transformada em espaço cultural, com teatro, restaurantes, bares, cervejaria, artesanato, sorvetes, conveniências e souvenires.","Manaus, AM",Couples,,2,DATE_NULL;
1337,1337,Matheus G,Muito legal,40,Vale muito ir a algum restaurante e ficar olhando a chuva cair no rio Pará. Depois pode ir passear no Ver o Peso e nas outras atrações bem perto dali. Só tomem cuidado para não serem assaltados.,"Armação dos Búzios, RJ",Couples,,2,DATE_NULL;
1425,1425,Anderson B,Lindoo,50,"Lugar lindo e agradável à beira-mar em Belém. Com muitas opções de comida e bebia, inclusive é possível fazer um tour de barco pela frente da cidade. Muito bom, lugar recomendadíssimo!",,Couples,,2,DATE_NULL;
1435,1435,Edilson D,Lugar seguro e tranquilo,50,"Ótima opção de lazer, bom pra relaxar tomando um chopp, assistir cinema ou teatro. Destaque para a Amazom Berr e Marujos. Preço um pouco salgado mais que vale a pena.",,Couples,,2,DATE_NULL;
1440,1440,George Alex A,Diversas opções de alimentação e diversão com muita segurança,50,"Lugar bucólico para se apreciar a vista da Baía do Guajará seja de dia ou de noite.Ventilado, agradável com muitas opções de alimentação e diversão.Seguro e confiável.",,Couples,,2,DATE_NULL;
1441,1441,Dri R,"Lugar excelente, uma delícia de ir e de ficar !",50,"Estação das Docas faz a diferença em Belém. Depois de ver aquele sujo e nojento Mercado Ver O Peso, entrar aqui faz diferença. Limpo, bonito, moderno, organizado, com uma vista do Rio. Da vontade de ficar à tardinha lá sentada só contemplando o por do sol. Restaurantes de todos os tipos, gostos e bolsos. Sorveteria deliciosa, chopp artesanal muito bom, enfim, super recomendo. Gostamos tanto e voltamos umas 3 vezes lá durante a viagem.","Belo Horizonte, MG",Couples,,2,DATE_NULL;
1443,1443,Leonardo G,Local muito legal!,50,"Visita obrigatória para quem vai a Belém. Moradores também frequentam o local. Tudo muito limpo, estrutura ótima, segurança perfeita, visual maravilhoso. Os preços não são baratos nem caros, eu diria justos. Recomendo!","Miami, Flórida",Couples,,2,DATE_NULL;
1445,1445,Maria C,Passeio agradável!,40,"A estação das docas é um local muito agradável para passear e admirar o rio. Tem restaurantes e algumas lojinhas, mas o que eu mais gostei foram das informações históricas do local, tem uma exposição super interessante de objetos antigos que foram encontrados durante escavações. Os restaurantes têm um preço um pouco elevado, talvez por ser um local muito turístico, mas vale à pena a visita!",,Couples,,2,DATE_NULL;
1447,1447,António L,Local gastronómico e de lazer perfeito,50,Restaurantes com comidinhas super gostosas. Tem chops da Amazon e os sorvetes Cairu. Local para lazer perfeito. Ambiente super agradável. Recomendo vivamente  a todos para uma noite bem passada e acompanhado.,"Brasília, DF",Couples,,2,DATE_NULL;
1449,1449,Jaimir Luis B,Trabalho ,50,Excelente lugar.vista maravilhosa restaurantes de boa comida e preços com custo benefício acessíveis.,,Couples,,2,DATE_NULL;
1450,1450,Frederico Coutinho,Linda vista com clima de shopping ,40,A estação é uma parada obrigatória nos roteiros de Belém e realmente vale a pena pela vista do rio. A cervejaria amazon beer oferece um espaço bom pra tomar um chop no fim de tarde.  No entanto a parte interna tem um clima de shopping center.,,Couples,,2,DATE_NULL;
1451,1451,Ana C,Tem que ir,50,"A Estação é imperdível porque é única. Você não vai achar igual em outro lugar. É uma área fechada e segura, muito bem organizada com alguns restaurantes, quiosques de artesanato, sorvetes e comidinhas locais. A área externa está linda, como um calçadão na orla do rio que te dá um visual incrível. Tem que andar por toda parte interna da Estação e pela parte externa também. Não paga para entrar, somente para estacionar. Muito próxima ao Mercado Ver o Peso....vai a pé, direto de uma para a outra. Local ideal para ver o por do sol. Dentro da Estação fica a empresa que faz os passeios de barco na Baia de Guajará.","Curitiba, PR",Couples,,2,DATE_NULL;
1454,1454,Ireneiwakura,"local limpo, urbanizado, turistico com bons restaurantes",40,"excelente local para jantar, recomendo restaurante Amazon Beer, onde comemos um bom pato no Tucupi, acompanhado de cerveja artesanal.","Itapira, SP",Couples,,2,DATE_NULL;
1455,1455,Enina A,Almoço maravilhoso ,50,"Nós adoramos , comidas típicas deliciosas , vale muito ir , após as 17:00 o bar das cervejas fabricadas na hora e uma boa pedida , eu vou voltar","Rio de Janeiro, Rio de Janeiro, Brazil",Couples,,2,DATE_NULL;
1459,1459,Fred G,Agradabilíssimo,50,Lugar sem igual para bbr um chopp e beliscar uns petiscos no delicioso happy hour do amazon beer..aprovado,,Couples,,2,DATE_NULL;
1565,1565,Liliane_C_Silva,Parada obrigatória em Belém,50,"É um belo local, embora precise de mais cuidado. Pode-se tanto apenas passear, pegar um vento e tomar um belo sorvete regional como fazer um jantar romântico mais caro e caprichado.","Belém, PA",Couples,,2,DATE_NULL;
1578,1578,Bea S,"Lugar ótimo para passear, ver a paisagem e comer bem",50,"É um lugar ótimo para passear, a paisagem é incrível. A Sorveteria Cairu é imperdível e a Amazon Beer tem cervejas e comidas ótimas. Também comprei alguns presentes locais para parentes.","São Paulo, SP",Couples,,2,DATE_NULL;
1581,1581,gabrielangelogomes,Melhor lugar de Belém ,50,"Cartao postal. Local mais bonito de Belém, muito arejado, boas opções gastronômicas e pra quem gosta de cerveja. O marujos bar é a melhor opção de lá. Sempre tem música boa.","Lauro de Freitas, BA",Couples,,2,DATE_NULL;
1634,1634,Priscila Inocencio,"Restaurantes, sobremesas e lojinhas ótimas!",50,"Um dos lugares que mais gostei , paisagem linda , estrutura arquitetônica do local diferenciada , restaurantes e lojas ótimas. Com certeza uma foto maravilhosa terá garantida aqui !",,Couples,,2,DATE_NULL;
1655,1655,Wesley R,"Lindo, sem mais.",50,"Um lugar incrível para se está com a pessoa que amamos, sendo em casais ou em família. Um lugar bonito e agradável onde você pode aproveitar para ver o pôr do sol. :)",,Couples,,2,DATE_NULL;
1665,1665,Lenilson Albuquerque,Passeio obrigatório em Belém,50,A estação é o passeio obrigatório para quem visita a cidade.Lugar delicioso com vista para o rio e o pôr do sol mais lindo da cidade.Perfeito para quem quer experimentar a gastronomia local.,"Belém, PA",Couples,,2,DATE_NULL;
1674,1674,adrianesilva86,lugar esplendido,50,"estação das docas ótimo para quem estar de visita na cidade,e tbm para quem ja e da cidade,bons restaurantes.","Rio Branco, AC",Couples,,2,DATE_NULL;
1677,1677,Adriano R,Estação das Docas,40,A Estação das Docas é uma excelente opção pra quem busca o contato direto com o paradoxo da beleza do rio com a selva de pedras da cidade. É também ponto de encontro muito usual entre os locais e um dos principais atrativos turísticos de Belém.,"Belém, PA",Couples,,2,DATE_NULL;
1687,1687,Yasmim R,Confortável,50,"É um ambiente tranquilo, com uma paisagem linda, muito legal para tirar fotos durante o dia. Oferece vendas de lanches, além de restaurantes e algumas lojas..","Niterói, RJ",Couples,,2,DATE_NULL;
1691,1691,Fatima X,O melhor Ponto Turístico,50,"O melhor ponto turístico de Belem  otimos restaurantes, cinema , boa música com palco móvel e ainda dar pra vê um otimo por do sol curtindo um Carimbó .","Belém, PA",Couples,,2,DATE_NULL;
1703,1703,Veromero3,O melhor de Belém,50,"Lugar moderno com muitas opções. Alguns dos melhores restaurantes de Belém, estão lá. Oferecendo a opção de ficarmos em ar refrigerado ao ai ar livre apreciando o Rio. O atendimento é excelente e os preços muito razoáveis. Lá encontramos também, lojas , sorveteria e Agência de Turismo. Um dos poucos lugares onde me senti segura e confortável,  em Belém","Belém, PA",Couples,,2,DATE_NULL;
1705,1705,Rubens I,Ótimo passeio,50,"A beira rio tem uma bela vista com dois ambientes: fora e dentro com a comodidade do ar condicionado. Este local reuni historia, restaurantes, cafés, sorveterias e agencia de turismo o que o torna em um point da cidade.",,Couples,,2,DATE_NULL;
1706,1706,alrezu,Lugar magico,50,"A beira do rio,uma imagem linda...tem vários restaurantes,bem como uma  sorveteria com sabores tipos,limpo e lindo...","São Paulo, SP",Couples,,2,DATE_NULL;
1707,1707,Pollyanna N,Lindo,50,"Uma beira de rio, um por do sol ou uma tarde chuvosa, uma cervejinha artesanal e uma boa música... Estação das docas é um ponto turístico além de ser ponto de encontro das famílias paraense.","Belém, PA",Couples,,2,DATE_NULL;
1708,1708,Isabela M,Lugar para apreciar a orla de Belém,50,É um ótimo lugar para passear e apreciar a orla da cidade.Daqui vc tem uma vista bacana do rio e pode passear sentindoa brisa. Uma delícia.Aqui também você pode tomar uma cervejinha deliciosa artesanal da Amazon beer. As minhas favoritas são a de taperebá e açaí.,"Fortaleza, CE",Couples,,2,DATE_NULL;
1709,1709,deboraraimundi,Ambiente agradável,40,"A Estação das Docas, inspirada na revitalização de Puerto Madero,  é um ambiente agradável para passear de dia ou a noite. Infelizmente já não tem tanto investimento como antes, alguns restaurantes fecharam e outros perderam um pouco a qualidade. Mas ainda assim vale a visita.","Fortaleza, CE",Couples,,2,DATE_NULL;
1711,1711,Lia I,Parece mar,50,"A Estação das Docas é linda e possui um ambiente fresco, com ar condicionado. O rio é imenso, quase parecendo o mar. Possui opções de gastronomia, um mini shopping e é uma boa opção para a noite também. Fica ao lado do Ver o Peso, duas atrações no mesmo dia.","São Paulo, SP",Couples,,2,DATE_NULL;
1712,1712,Washingthon E,Local diferente.,40,"Um bom espaço para fazer registos fotográficos, muito ventilado, mas leve dinheiro, pois os preços são caros.",,Couples,,2,DATE_NULL;
1714,1714,Ariany F,Visita turística ,50,Adorei muito bonito! Bom para tirar fotos! Um ventinho maravilhoso! À beira do rio! Bom ir visitar de tênis ou rasteirinha pôs o chão é de paralelepípedos e o solta entra no buraquinho! Fora isso ótimo para arejar a cabeça!,,Couples,,2,DATE_NULL;
1715,1715,Gabriela G,Passeio,50,Visitar este lugar é conhecer um pedacinho de Belém que representa a cultura e o povo daqui. Em meio ao comércio turbulento revela-se o refúgio para apreciar uma agua de coco ao fim da tarde,,Couples,,2,DATE_NULL;
1716,1716,Leonardo B,ÓTIMO LUGAR!!,50,"Este é o lugar PERFEITO, tanto pra quem deseja um bom jantar quanto para quem esta apenas passando para apreciar a vista!!","Belém, PA",Couples,,2,DATE_NULL;
1721,1721,Ronaldo A,Lugar ótimo para passear,40,"Um dos pontos turísticos mais visitados de qualquer pessoa que passam por Belém, possui vários restaurantes ótimos, além de uma vista muito boa.","Belém, PA",Couples,,2,DATE_NULL;
1723,1723,Yuri_C_Silva,Parada obrigatória,50,Um ponto turístico que deve ser visitado! Bons restaurantes e belas vistas para serem aproveitadas. Destaco ainda a proximidade de outras atrações turísticas e do mercado ver-o-peso.,"Brasília, DF",Couples,,2,DATE_NULL;
1724,1724,Karoline L,Super Agradável,40,"Lugar super agradável, com ótimos restaurantes e música ao vivo. Vale a pena reservar ao menos uma noite para apreciar o local.","Natal, RN",Couples,,2,DATE_NULL;
1727,1727,"Vamos nessa, Ed!",Um lugar que todo turista tem que conhecer ,50,"Só de imaginar que todo o lugar foi antes um galpão das docas já é de ficar impressionado. Todo o trabalho de restauração foi feito muito bem. Aqui é possível comer de tudo, passear, bater papo e tomar Chopp. Vale a pena e é parada obrigatória!","Belém, PA",Couples,,2,DATE_NULL;
1728,1728,Angela Maria G,Excelente,50,"Local muito bem reaproveita, transformado num excelente ponto turístico, agradável, com uma bela vista.","Balneário Camboriú, SC",Couples,,2,DATE_NULL;
1729,1729,Areolino M,Melhor chopp da cidade. ,40,"O complexo da estação das docas tem restaurantes , sorveterias e o melhor chopp da cidade, o servido na Amazon Beer. Alguns premiadíssimo como melhores do país. Além da bela vista pro rio.",,Couples,,2,DATE_NULL;
1730,1730,João M,Gostei muito,50,"É um ótimo lugar para relaxar e conta com uma excelente vista.  Aquela do tipo que nos faz parar e ficar pensando durante horas olhando os detalhes.  Tudo isso é claro,  contando com ótimas opções de restaurante,  com pratos fartos e Cerveja bem gelada.  Recomendo.",,Couples,,2,DATE_NULL;
1731,1731,Marcus Vinícius C,Surpreendente!,40,Muito interessante e organizado. Bons restaurantes. Bela vista do rio Guamá. Tem atrações musicais. Poderia ter exposições de artes plásticas.,"Brasília, DF",Couples,,2,DATE_NULL;
1735,1735,Claufurmendo,Porto como em Buenos Aires,40,"Os antigos armazéns portuários, do Porto de Belém, adaptados nos primeiros anos desse milênio, abriga um centro gastronômico que inclui a maravilhosa cervejaria Amazon Beer e a sorveteria Cairu, espaço para shows folclóricos, teatro, centro de convenções, um pier de onde saem embarcações turísticas. Isso, ao lado do mercado Ver-O-Peso.Recomendo um chopp ao por do sol.",,Couples,,2,DATE_NULL;
1737,1737,LBCavalheiro,Março 2016,40,"Lugar para se visitar para conhecer um pouco da história local, local limpo e organizado, com um restaurante e sorveteria.","Novo Hamburgo, RS",Couples,,2,DATE_NULL;
1738,1738,caio m,Local show,50,Muito bom o local. Vários bares e restaurantes bem originais.Da pra gastar tranquilamente horas e horas aproveitando o espaço.,"Rio de Janeiro, RJ",Couples,,2,DATE_NULL;
1739,1739,Martin S,Ótimo ponto turístico com vários restaurantes.,40,"Ponto turístico de Belém, ótimo para passear, curtir um happy-hour e fazer boas refeições. Estacionamento $5 a hora.","Manaus, AM",Couples,,2,DATE_NULL;
1741,1741,Renan Menezes,Local para namorar o rio,50,"Ótimo lugar para vislumbrar o rio, comprar passeios de barcos, comer e/ou beber a tarde e tirar fotos :D, aconselho ir a noite pois a iluminação deixa as estação bem bonita.","Guarulhos, SP",Couples,,2,DATE_NULL;
1742,1742,Ingrid B,Ponto turistico de Belem,50,"A Estação das Docas é um dos pontos turisticos mais visitados de Belem. Possue excelentes restaurante das mais variadas comidas. Musica boa, entretenimento. Você precisa visitar no horario do por do sol. Excelente","Porto, Portugal",Couples,,2,DATE_NULL;
1743,1743,Juliana Re,"Bonito, mas pague por isso",40,"A Estação das Docas é sensacional, a ideia de revitalizar essa área como ponto turístico é muito bem aceita, o lugar fica lotado de dia ou de noite e deve ser visitado por qualquer turista que vai a Belém, na verdade, nem tem como não ir, pois é tudo grudado um no outro. Quanto aos restaurantes, lojinhas, sorveteria e afins, tudo é absurdamente inflacionado (mesmo tendo como base o estado de SP, que é mega mais cara que os demais estados), não dá nem para comparar com os outros lugares da própria Belém. A amazon beer é mega cara, não tem nem como  pensar em almoçar lá. Obviamente que, mesmo assim, o passeio tem que ser feito tanto de dia quanto à noite, quando as luzes se acendem e o lugar fica mágica.Na dúvida, almoce antes de ir e só sente ali para tomar uma água.",Estado de São Paulo,Couples,,2,DATE_NULL;
1861,1861,Igorsnobre,Sem dúvidas o melhor ponto turístico de Belém!,50,"A estação docas simplesmente foi o local que mais me agradou, pois lá estão os melhores restaurantes e bares da cidade disponíveis em um só lugar. A Amazon Beer é parada obrigatória, assim como a Sorveteria Cairu!","Florianópolis, SC",Couples,,2,DATE_NULL;
1882,1882,Daniela d,Lugar p Relaxar!!!,50,"Fim de tarde, ver o por do sol, tomar um chopp e ouvir uma boa música! Ainda da p fazer umas comprinhas nas lojinhas!","São Paulo, SP",Couples,,2,DATE_NULL;
1886,1886,Carlos Eduardo D,"Porta de entrada da Cidade Morena , a  eterna Metropóle da Amazônia",50,"As margens da Baía do Guajará, com uma vista linda à qualquer momento, destaque para o pôr do sol, local que pode ser desfrutado, para negócios, passeios e declarações românticas. O local é provido , por lojas de artesanatos, lanchonetes e restaurantes maravilhosos, com comidas típicas e um vai e vem de pessoas bonitas,ou seja, um local para ver e ser visto.Tem como origem o Porto de Belém, que foi totalmente revitalizado e entregue para a população , e preparado estrategicamente, para o turismo, não conheço ninguém, que tenha visitado o local e não tenha se apaixonado.","Belém, Para, Brazil",Couples,,2,DATE_NULL;
1889,1889,ELIELSON L,Lugar Maravilhoso! ,50,"Local excelente para passar momentos agradáveis à dois, com a família, amigos etc...sem contar com uma vista maravilhosa da Baía do Guajará.","Campina Grande, PB",Couples,,2,DATE_NULL;
1893,1893,Simone maria m,Lindo,50,"A Estação das Docas é um lugar encantador, com sua visão para a Baía do Marajó e um por do sol de arrancar suspiros. Ou então com aquela chuva da tarde que já é marca registrada da nossa Belém.",Nova Lima,Couples,,2,DATE_NULL;
1894,1894,Tiago da Silva,Lugar lindo pra passear e comer,50,"O lugar é lindo, na beira do rio. Muito bem preservado, climatizado e seguro. É uma delícia caminhar por sua extensão e parar para comer alguma coisa, beber uma cerveja na Amazon Beer ou saborear um sorvete da Cairu. Parada obrigatória para os que passam por Belém.","Santo Ângelo, RS",Couples,,2,DATE_NULL;
1895,1895,LeopoldoNunes,Passe um final de tarde,50,"Transformaram essas docas em local de turismo com restaurante, barracas de venda de artesanato, local para lanchar, passear, ver o por do sol, fazer turismo, espaço de lazer. Muito bom!!! Local de passagem obrigatoria por Belém.","Fortaleza, CE",Couples,,2,DATE_NULL;
1896,1896,cdcarva,Revitalização faz a diferença,50,"O local é espetacular, limpo e ótimo. Uma linda vista para a Baía. Ficamos no Amazon Beer que vende cerveja artesanal imperdível e ótimos aperitivos.Serviço ótimo e com toda a cortesia do povo belemense.","Rio de Janeiro, Brasil",Couples,,2,DATE_NULL;
1898,1898,Jose P V,Dança Folclorica,40,"Toda sexta-feira tem show grátis as 18:00h. Dança Folclorica no por do sol. Depois pode dar um passeio na orla da Estação das Docas, com vista a baía. Tem bons restaurantes, bebidas, e sorvete tradicional Cairú com frutas tropicais da região e outras.","Sao Paulo, Brazil",Couples,,2,DATE_NULL;
1907,1907,Dr_Ricardo_Almeida,passagem obrigatória em Belém,40,"Um lugar para comer, beber e passar horas tranquilas. Indo a Bel~em do Pará a Estação das Docas penso ser uma passagem obrigatória.","Gurupi, TO",Couples,,2,DATE_NULL;
1949,1949,regisqueiroz,Turistico,40,"Interessante passeio, mais pela revitalização do antigo porto. Hoje se parece um pouco com um shopping center. Mesmo assim vale a visita. Pare no bar da Amazon Beer para provar uma cerva artesanal produzida na região. E aproveite para comer no Lá em Casa, restaurante pioneiro em Belém, hoje comandado pela filha do mítico e saudoso chef Paulo Martins.",São Paulo,Couples,,2,DATE_NULL;
1973,1973,PedroHNAlves,Muito Bom,50,Um lugar fantástico para conhecer na cidade de Belém. Ótimos restaurantes e vista fantástica. Sem falar na Chopperia existente lá.,"Belém, PA",Couples,,2,DATE_NULL;
1985,1985,Rafael H,Melhor opção em Belém,50,Local super aprazível com uma vista maravilhosa e várias opções para comer e beber. Quem dera o Ver-o-Peso tivesse a organização da Estação das Docas,"Brasília, Brazil",Couples,,2,DATE_NULL;
1990,1990,BetaPina,Diversidade,50,"Localizado às margens do rio, existem 2 ambientes, um ao ar livre e outro fechado com ar-condicionado. Várias opções de restaurantes, com variados preços, e uma cervejaria de primeira.","Belém, PA",Couples,,2,DATE_NULL;
2002,2002,vanessacguima,Must visit,50,"Local agradável à beira da Baía do Guajará. Boa acessibilidade, estacionamento, bons restaurantes, cervejaria, delicatessens, música ao vivo, lojas de souvenirs, trapiche com opções de passeios pela orla. Puerto Madero  by Pará.","Belém, PA",Couples,,2,DATE_NULL;
2008,2008,LeticiaPinheiro,Para todos os públicos,50,"Adoro os ambientes, as lojinhas, os restaurantes, as apresentações de dança e de música ao vivo, são sempre convidativas, assim como a programação do Cine Estação e do Teatro Maria Sylvia Nunes, mas a vista, a vista é o melhor deste lugar: ENCANTADORA.","Belém, PA",Couples,,2,DATE_NULL;
2016,2016,Medraurus,Excelente,40,"Conhecer a Estação das Docas em Belém foi muito agradável e interessante, o local possui restaurantes variados e de boa qualidade, teatro, sorveterias e lojas de artesanato. No mesmo local também é possível realizar passeios de barco pela orla de Belém.","Brasília, DF",Couples,,2,DATE_NULL;
2019,2019,DaniloDalj J,Lugar legal para se conhecer,50,"Estação das Docas é um lugar ótimo de se conhecer, restaurantes lindos, mais um pouco caros, mais tudo la é gostoso, como comida, bebida, cerveja artesanal e uma musica ambiente que fica nas alturas percorrendo todo o lugar.","Brasília, DF",Couples,,2,DATE_NULL;
2023,2023,MuriloDeolino,Puerto madero do Pará,50,"A estação das docas é um dos lugares mais agradáveis de Belém. Uma orla com restaurantes, lojas, bares e a imensidão do rio...ótimo para um fim de tarde. A estação das docas é o ponto de encontro de jovens, casais, famílias...","Salvador, BA",Couples,,2,DATE_NULL;
2024,2024,Luciana E,bonito e agradável,50,"Um belo espaço, onde vc pode apreciar o por do sol e a baia do guairas, onde saí passeios de barco da vale verde turismo.Também possui excelentes restaurantes.","Fortaleza, CE",Couples,,2,DATE_NULL;
2026,2026,Jocimar C,Ótima Idéia!,50,"Area revitalizada, com ótima localização e linda vista da Baía. Um bom lugar para se frequentar a noite, pois possui ótimos restaurantes. Vale a pena combinar com as outras atrações próximas e sempre fazer um bate-volta na Cairu. Abre a partir das 10h00.","Camaçari, BA",Couples,,2,DATE_NULL;
2027,2027,tania h,Revitalizada e chique!!!!!,40,"O passeio é lindo!!!Em frente à Baia,com segurança,música ao vivo,vários restaurantes,mas tudo muito caro!!!!","Belo Horizonte, MG",Couples,,2,DATE_NULL;
2030,2030,Moyses B,Lugar lindo,40,"De frente para o Rio , cheio de restaurantes em uns antigos galpões que eram do porto da cidade. Comida internacional e típica.","Belém, PA",Couples,,2,DATE_NULL;
2031,2031,Simone Magda C,Imperdível,50,A Estação das Docas é um centro gastronômico e lojas de artesanato. Possui vários restaurantes e música ao vivo. O pôr do sol é maravilhoso. Fica ao lado do Mercado Ver o Peso. Vale a pena conferir.,"Campinas, SP",Couples,,2,DATE_NULL;
2032,2032,Loresales,Um dos lugares mais bonitos de Belém,50,"A estação das docas é um lugar imperdível em Belém! Um lugar onde as pessoas vão namorar, passear com os filhos, jantar nos bons restaurantes das docas. Não é um ambiente barato, os preços dos pratos lá não são populares, mas também há sorveteria, cervejaria...A vista do rio também é muito bonita, o pôr-do-sol também é bem bonito. Fica bem pertinho do Ver-o-peso...","Salvador, BA",Couples,,2,DATE_NULL;
2033,2033,lucia-paulo,Muito bom,40,"Como o próprio nome diz, é um local que foi utilizado como docas do porto de Belém e hoje abriga restaurantes, lojas e outros espaços para recreação. Local muito bonito, limpo e preservado","São Paulo, SP",Couples,,2,DATE_NULL;
2034,2034,Davi F,Além do esperado,50,"Espaço organizado, limpo e com um pouco de tudo. Vale a pena conhecer, principalmente com os músicos e bandas que tocam acima das pessoas.","Santa Maria, RS",Couples,,2,DATE_NULL;
2049,2049,Patricidnp,Bom!,30,"O lugar tem alguns restaurantes e algumas poucas opções de lojas. Como fica na beira do rio, de lá saem passeios de barco interessantes. Não deixe de experimentar os sorvetes com sabores típicos da região na sorveteria cairu... Adorei o  carimbó que é sorvete de castanha com geléia de cupuaçu... huuummmm","São Paulo, SP",Couples,,2,DATE_NULL;
2051,2051,Luis S,Puerto Madero Paraense,50,"Parece Puerto Madero em Buenos aires, com uma diferença para melhor, praticamente não tem Argentinos... rsrsrs.O lugar é show e cheio de restaurantes e uma cervejaria local. A Amazom Beer - Prá quem curte shop artesanal, é imperdível.","Rio de Janeiro, RJ",Couples,,2,DATE_NULL;
2086,2086,leonemota,muito legal.. se esta em belem tem que ir.. nas docas,50,na estação das docas como é chamado la.. é um local perfeito pra namorar e ver o rio.. é muito bom de ficar atoa e para fim de tarde.. as coisas sao baratas e consegue-se comer bem...,"Uberlândia, MG",Couples,,2,DATE_NULL;
2106,2106,Nazaré V,"A Vista do porto é linda, o restaurante com palco móvel , ainda não tinha visto",40,"Não gostei da área ao lado do mercado Ver o pêso, me pareceu meio perigoso. O que eu gostei foi da hospitalidade dos paraenses. Informações muito condizentes, e um povo muito agradável.","Manaus, AM",Couples,,2,DATE_NULL;
2143,2143,Andre_Buttao,Vale a pena conferir.,50,"Excelentes restaurantes, lanchontes e sorveteria. Lojas de conveniencia, artesanato.Tudo em uma bela vista da Baía do Guajará.Vale a pena conferir.Atração imperdível em Belém!!!","Belém, PA",Couples,,2,DATE_NULL;
2147,2147,OZ_Mona,Vista confortáveis,40,"superestimado como uma atração - é um centro comercial moderno com excelentes veiws - os das docas estação fez uma parada bacana depois de passar tempo no "" Ver-Peso-o"" mercados. A conversão dos armazéns antigos em um moderno complexo foi feito muito bem.",Cairns,Couples,,2,DATE_NULL;
2163,2163,Rosinilma P,Passeio bom demais,40,"Quando vou ao centro sempre dou um passeio e vejo a Baia. Local seguro, tem estacionamento próprio pago, vale a pena.","Porto Alegre, RS",Alone,,2,DATE_NULL;
2166,2166,Forlan78,Excelente para todas as horas ,50,"Único lugar gastronômico da cidade. Tem música ao vivo. Chopp no happy por 3,99 e alguns restaurantes. Podia ter mais opções","Belém, PA",Alone,,2,DATE_NULL;
2172,2172,Nivea P,Fácil de chegar,50,"Muito fácil de chegar, com vários restaurantes, lojinhas de lembranças da cidade,música e um belo local para apreciar o rio e o vai e vem dos barcos.","Manaus, AM",Alone,,2,DATE_NULL;
2196,2196,Irineu C,Um point para happyhour,40,"Excelente local para curtir o fim de tarde com amigos, tomar um sorvete, um chope ou apreciar o por do sol à beira rio.","Manaus, AM",Alone,,2,DATE_NULL;
2198,2198,eloi r,Bom,50,"Há no local opções de refeições, cafés, bebidas. Fica proximo ao terminal hidroviario, do mercado ver o peso, do forte, da igreja, da cidade velha...","São Miguel do Oeste, SC",Alone,,2,DATE_NULL;
2199,2199,Tiago Cisalpino,Fantástico,50,"Ambiente totalmente restaurado, com boas opções de restaurantes e bares. Boa infra-estrutura turística e vista bacana da orla.","Belo Horizonte, MG",Alone,,2,DATE_NULL;
2201,2201,Luiz E Pacheco,Diversidade de opções de lazer,50,"Restaurantes, sorveteria Cairu, paisagem, lojinhas de souveniers, cervejaria. Essas sao as boas opções da Estação das Docas. Ao lado o Mercado do Ver o Peso. Ao chegar na Estação, ecite de descer ou estacionar o carro na rua. Região com muitos furtos.","São Paulo, SP",Alone,,2,DATE_NULL;
2202,2202,Pjrvale,Interessante,40,"Um lugar interessante, antigos armazéns do porto de Belém que foram recuperados e hoje abrigam bares, restaurantes, lojas de artesanato e sorveterias, muito movimentado.","Ponta Grossa, PR",Alone,,2,DATE_NULL;
2235,2235,Fabio Zenker,Bom passeio para fazer no final de tarde,50,Local muito bom para uma caminhada no fim de tarde! nas sextas feiras geralmente há apresentaçoes de danças tipicas,"Rio de Janeiro, RJ",Alone,,2,DATE_NULL;
2237,2237,Marisilveira,Excelente local para turistas,50,"Na minha opinião, o melhor lugar de Belém para turista curtir horas agradáveis. Ambiente limpo, com sensação de segurança, ótimos restaurantes, alguns com música ao vivo, super bom para ir ao final da tarde e noite. Os preços são caros, mas compensa.",,Alone,,2,DATE_NULL;
2239,2239,Nara N,Lugar lindo!,50,"Tem uma vista ótima! Lá você também pode provar os sorvetes da Cairu, feitos com as frutas da região, tomar um chop ou cerveja Amazon beer.","Rio de Janeiro, RJ",Alone,,2,DATE_NULL;
2240,2240,Mauricio J,Visita,50,Gastronomia é uma vista excelente dá área portuária de Belém muito bom para um passeio é um jantar excelente,,Alone,,2,DATE_NULL;
2241,2241,Fernando M,Muito bom,40,Muito bonito. Restaurante movimentado so os preços que não são bons.Vista para o Rio e bem cuidadosos com os turistas,,Alone,,2,DATE_NULL;
2243,2243,cianciulli74,É legal sim... ,30,Trata-se dum boulevard bem interessante à beira da baía do Guajará. Tem uns restaurantes com self service e a cervejaria Amazonbeer. Tem também várias lojas de souvenirs e ar-condicionado.,"Brasília, DF",Alone,,2,DATE_NULL;
2262,2262,Kim D,Vista linda,50,"Além da vista maravilhosa da Baia do Guajara, a estação das Docas oferece um complexo turístico completo, com restaurantes excelentes e lojas diversas. conta também com um passeio de barco muito animado embalado ao som de carimbó com saída da estação das Docas, localizada bem no centro de Belém, proximo ao histórico mercado do ver o peso.",,Alone,,2,DATE_NULL;
2263,2263,Bruno G,Otimo,50,"Excelente lugar para passear e curtir a brisa do rio e m boa segurança. Fica bem do lado do mercado mais famoso de Belem, cheia de bares e restaurantes. Ate de noite è bastante seguro e bem frequentado, muito tranquilo. Se quiser mais confusão em 5 minutos estarão no mercado ao lado! E' um dos lugares top de Belem acessível para todos os bolsos, nas precisa pagar c consumir nada para ficar passeando.","Vercelli, Itália",Alone,,2,DATE_NULL;
2267,2267,Sanfer74,Parada Obrigatória II,50,"Ao lado (uma espécie de continuação do Mercado ver o Peso), a Estação das Docas é um local que tem a organização e a higiene que o ""vizinho"" não tem. Bons restaurantes, boa vista, e claro, um quiosque da Sorveteria Cairu, sempre ela.","Rio de Janeiro, RJ",Alone,,2,DATE_NULL;
2283,2283,Diego B,"Passeio noturno, vista inclivel",50,"Lugar sem igual, a noite na estação das Docas e maravilhara, musica local super agradável, restaurantes muito recomendados, pratos ótimos, e sem falar que o lugar oferece uma vista incrível para registrar momentos","Macaé, RJ",Alone,,2,DATE_NULL;
2289,2289,Lucas Santos,Boa Atração,40,A Estação das Docas é quase como um shopping em Belém. Apresenta lojas e quiosques com várias comidas. Foi lá que eu comi o Tacacá delicioso!,"São Paulo, SP",Alone,,2,DATE_NULL;
2293,2293,KELLEN CRISTINA R,Bom ponto turístico,50,A estação das docas é um lugar bem agradável. A iluminação fica linda a noite. Tem um sorvete maravilhoso que tem vários sabores típicos. Os preços dos jantares são bem caros nos restaurantes!,"Belém, PA",Alone,,2,DATE_NULL;
2313,2313,Patrick V,Principal,30,"Um dos principais pontos turísticos de Belém, da uma vista ampla da Baía do Guajará com suas águas lamacentas. Os restaurantes costumam ter preços bem altos!","São Vicente, SP",Alone,,2,DATE_NULL;
2326,2326,FELIPE_A_B_FERREIRA,Estação das docas !,50,"Maravilhoso local para conhecer os traços típicos de Belém, o açaí original, as frutas e pratos típicos como Maniçoba e a folha do jambu.",,Alone,,2,DATE_NULL;
2328,2328,Salete94,Passeio imperdível,50,"O lugar modernamente revitalizado é um dos lugares mais charmosos de Belém, sua rica gastronomia dá um toque especial ao lugar. Não deixe de visitar.","Balneário Camboriú, SC",Alone,,2,DATE_NULL;
2343,2343,Lorrayni,Um local muito aconchegante e ao mesmo tempo diferente,40,"Fiquei encantada com as Docas, é algo diferente do que sou acostumada. Poder apreciar aquela aquela vista é lindo. Há bons restaurantes no local e muitos táxis.","Fortaleza, CE",Alone,,2,DATE_NULL;
2351,2351,maurobb2,Perfeito,50,"Melhor local em Belém, ótimo para um fim de tarde. Possui bastante opções de restaurantes, lanchonetes e bares. É possível realizar um passeio pela orla de Belém ou outras ilhas, a partir desta estação.",,Alone,,2,DATE_NULL;
2364,2364,Italo L,Lindo Local,50,"Várias opções de comida e de compra de peças nativas de roupas! bom para um passeio, tanto de dia como de noite","Fortaleza, CE",Alone,,2,DATE_NULL;
2366,2366,Samuel P,Passeio familiar ,50,"Eu adoro estação das dicas, um lugar maravilhoso com uma vista incrível. Os restaurantes deixam a desejar, mas a paisagem vale a pena o passeio.","Brasília, DF",Alone,,2,DATE_NULL;
2367,2367,Lorayne O,Um dos melhores locais de Belém,50,"Para quem gosta de apreciar uma boa gastronomia em um lugar bonito e agradável, não pode deixar de visitar a estação das docas. O local é cheio de excelentes restaurantes e bares com variedades infinitas. Fazer uma caminhada pelo local contemplando o rio também é incrível. Na hora da chuva também é um ótimo lugar para se abrigar. Recomendo.",,Alone,,2,DATE_NULL;
2369,2369,Geovanna S,Estação das Docas,40,"Certamente um lugar na lista enorme de atrações de Belém. Rica em cultura, beleza e culinária, a Estação das Dicas é uma ótima pedida, seja acompanhado de familiares e amigos, sozinho para aquele café, ou para aproveitar o pôr do sol, um dos mais belos.","Belém, PA",Alone,,2,DATE_NULL;
2371,2371,Diego S,Passeio pra fazer umas fotos ,50,Um otimo lugar pra apreciar a tarde de belém do pará bater umas fotos tomar um chopp e curtir oFim de semana com os amigos nao tem lugar melhor,,Alone,,2,DATE_NULL;
2373,2373,MariMMQ,Para o final de tarde,50,"Lugar mais do que agradável para aquele chopp do final de tarde, curtindo o por de sol e uma boa musiquinha ao vivo. Varias opções de pratos e petiscos.","Santarém, PA",Alone,,2,DATE_NULL;
2374,2374,Ivan A,Diversão,50,"Ótimo local para passear, jantar ou simplesmente tomar um sorvete. Não deixe de ir ao Amazon Beer, seja para apreciar as cervejas, seja para degustar os pratos típicos.",São Paulo,Alone,,2,DATE_NULL;
2379,2379,MatheusMAO,Lugar tranquilo,50,"O lugar mais agradável de Belém e, sem dúvidas, perfeito para um happy hour. A disponibilidade de dois ambientes também ajuda bastante nos dias mais quentes, recomendo!","Vitória, ES",Alone,,2,DATE_NULL;
2380,2380,canellas,Local muito agradável ,40,"Um local realmente agradável e pronto para receber visitantes em geral, com espaço amplo com exposição, mini museu restaurantes, com apresentação no palco móvel e bares..","Curitiba, PR",Alone,,2,DATE_NULL;
2381,2381,HugoCWB,Boa estrutura para turismo!!!,50,Lugar bom e bonito! Com boa estrutura para turismo!! Gostei e achei limpo e bem cuidado!! Bares bons!!,"Belém, PA",Alone,,2,DATE_NULL;
2382,2382,855fabiano855,"BOM PARA COMER, PASSEAR E... BEBER!!",50,"Bons restaurantes (Lá em Casa), lanchonetes, sorveteria (Cairu) e, sobretudo, a melhor cerveja da cidade, Amazon Beer!!",,Alone,,2,DATE_NULL;
2384,2384,gis0uza,melhor lugar,50,"Ambiente muito agradável para um passeio. Nele há lojas, restaurantes, sorveteria e um espaço de exposição e uma internet pública de alta velocidade. Não se pode ir a Belém e não visitar.","Recife, PE",Alone,,2,DATE_NULL;
2385,2385,Victor A,Esperava mais.,30,"Após ouvis muito sobre a estação, esperava algo bem mais organizado, limpo e estruturado. O local é composto pelas velhas docas, sem estrutura renovada. Um mercado velho. Vale a pena uma visita rápida.","Teresina, PI",Alone,,2,DATE_NULL;
2387,2387,mauricio252525,Porta da amazônia,50,"Espaço que era porto hoje abriga um complexos de restaurantes, lojas , artesanato etc, passeio bom pra todos os tipos ...","Santarém, PA",Alone,,2,DATE_NULL;
2390,2390,Diego V,Bela Vista ,40,"Local com uma vista muito bacana do Rio e vários itens que contam a história do local e da cidade de Belém, vários restaurantes e locais de compra.","Santos, SP",Alone,,2,DATE_NULL;
2467,2467,matheus feitoza,Amei o local !,50,"Adorei o local e a vista é linda.gostei muito de uma cervejaria que fica no local,o chopp é maravilhoso e o ambiente muito agradável.","São Luís, MA",Alone,,2,DATE_NULL;
2468,2468,Ed.Amorim,Tão charmosa quanto Puerto Madero!,50,"A Estação das Docas lembra a charmosa Puerto Madero em Buenos Aires mas tem seu brilho e encanto próprios. São vários restaurantes, sorveteria, e lojas no mesmo complexo. Dica: Caminhe por toda sua extensão e depois procure sentar-se nas externas com a bela vista da Baía de Guajará. Há música ao vivo numa estruturante suspensa e móvel muito bacana onde os músicos ""flutuam"" por toda extensão do complexo. O local lota aos finais de semana e estacionar pode levar muito tempo. Dica 2:  Vá de Táxi pois eles te deixam lá dentro e não precisa ficar preso numa fila de carros aguardando vagas no estacionamento.","Belo Horizonte, MG",Alone,,2,DATE_NULL;
2469,2469,Marcello,Muito bom!,50,"Local bacana, estilo Puerto Madero, com várias opções de bons restaurantes. Destaque para a ponte rolante onde foi instalado palco para banda que fica se deslocando acima das mesas.","Niterói, RJ",Alone,,2,DATE_NULL;
2472,2472,Áurea Carolina C,Passeio necessário,50,O espaço muito bem adaptado para restaurantes e espaços de arte proporciona uma bela da orla de Belém e de variadas embarcações. Permite ainda uma visão do passado da capital paraense.,,Alone,,2,DATE_NULL;
2473,2473,jullya21,Encontros perfeitos,30,"Se esta procurando relaxar, meditar, marcar encontros e mais este é o lugar perfeito, e además dela ser pública desde sua crianção se mantem bem conservada como patrimonio histórico e cultural, valorizando dessa forma a vida Brasileira, tem bar ao ar livre e pra quem gista de aventura passeios de barco é o melhor ou um simples jantar comfortável.","Belém, PA",Alone,,2,DATE_NULL;
2476,2476,Felipe F,Diferente e encantador,50,"A Estação das Docas é muito bonita e ótima para apreciação gastronômica, eventos artísticos ou um simples passeio, possui algumas lojas e o cenário todo é um museu a céu aberto com guindastes e maquinário secular utilizados no antigo porto. Antigos armazéns e um terminal de passageiros foram restaurados para dar lugar a restaurantes, áreas de lazer e eventos. Os ambientes internos são amplos e climatizados e na parte externa tem um calçadão beirando a Baia de Guajará. O local é bem vigiado e muito seguro.","Brasília, DF",Alone,,2,DATE_NULL;
2502,2502,Michelle T,Interessante,40,"Tem algumas lojinhas legais de se ver, mas nada de estupendo.Tem uma loja com sorvete das furtas tipicas e de bombons, que foram o que de fato valeu a pena.",,Alone,,2,DATE_NULL;
2518,2518,Raimundo F,Excelente,50,Espaço belíssimo com ótimos restaurantes onde pode-se saborear a culinária paraense com destaque para o Pato no tucupi e o açaí com pirarucu frito. existem várias atrações artística com shows musicais e teatrais além da bela orla da Baía do Guajará.,"Brasília, DF",Alone,,2,DATE_NULL;
2543,2543,Nelson M,Puerto Madero brasileiro,50,"Incrivel a limpeza, organização, atendimento e prestatividade do pessoal.... Não a toa, a melhor cerveja artesanal do Brasil (Amazon Beer) e´ produzida la´, quem aprecia como sugestão fica a de Acai (stout, encorpada), sem contar a infinidade de restaurantes para um almoço agradável, impossível não encontrar algo que agrade ao paladar...","São Paulo, SP",Alone,,2,DATE_NULL;
2545,2545,poetaaugusto,muito bom,40,"Um lugar para ser visitado, com certeza e sem pressa. Restaurantes, artesanato, sorveteria e uma vista linda.","Florianópolis, SC",Alone,,2,DATE_NULL;
2549,2549,Rhb2014,Insegurança em todo o país!,50,"A Polícia Turística garante a segurança dos turistas. Ótimo e necessário! Infelizmente vivemos tempos de trevas, violência e assaltos em toda parte. É o cúmulo ter que disponibilizar este aparato policial, mas é o único jeito de passear e conhecer o local!","Porto Alegre, RS",Alone,,2,DATE_NULL;
2552,2552,Drausiof,Excelente pedida!,50,"A Estação das Docas é muito interessante para vários propósitos. Lá você pode aproveitar restaurantes, bares, exposições, tudo com qualidade, climatizado (fator importantíssimo na cidade) e de bom gosto. É válida a visita ao final da tarde, quando se pode ver uma bela vista, ou mesmo a noite, para jantar ou beber uma cervejinha. Recomendo","Ribeirão Preto, SP",Alone,,2,DATE_NULL;
2554,2554,Paulo I,Estação das Docas: Shopping diferente,40,"Trata-se de um lugar deferenciado, em que se paga pelo conforto e aconchego; bom para refeições em ocasiões diferenciadas, aquelas que não exigem pressa. Mas o melhor é o passeio, ao fim da tarde, ao longo da estação, do lado de fora, com a vista para a Baía do Guajará.","Núcleo Bandeirante, DF",Alone,,2,DATE_NULL;
2572,2572,Joselia R,Ótimo passeio,40,"Lugar muito agradável para terminar o dia com os amigos. Comidinhas gostosas, chopp e música fazem uma combinação perfeita. Recomendo e volto sempre que possível!!",Joaçaba,Alone,,2,DATE_NULL;
2613,2613,John N,Único,50,"Os Outros Estados no Brasil Norte e Nordeste falta este tipo de atração, embora as ofertas de restaurante são bastante caros, assim como o resto de Belém.","Recife, PE",Alone,,2,DATE_NULL;
2635,2635,maina_silva,Ambiente agradável,40,"Ambiente agradável com várias opções de restaurantes e outras lojas de alimentação, bom para passeios em família.","Florianópolis, SC",Business,,2,DATE_NULL;
2637,2637,Filipe N,Viagem a negócios com momento relax ,50,"Local mais que indicadoChopp Brahma a 3,99Peixe fresquinho Pessoas tranquilasMais familiaEscolha o lado dos restaurantes e não dos barzinhos que será mais feliz",,Business,,2,DATE_NULL;
2639,2639,hazenclever,Excelente opção,50,"Mesmo para os que estão com um rápido intervalo de almoço em viagem a negócios devem conhecer a arquitetura, história e excelente gastronomia da Docas. E ainda ganha uma linda vista da Baía de sobremesa.","Brasília, DF",Business,,2,DATE_NULL;
2682,2682,Daniel Brito,Interesante ,40,"Achei legal, tem um chope local, uma plataforma voadora em que os músicos tocam sons de barzinhos de pequenas grandes capitais, tipo Jorge versilo,  djavan,  essas coisas.  Melhor pra ir no final do dia",,Business,,2,DATE_NULL;
2685,2685,Sylvia,lindo,50,"lugar tranquilo, restaurantes maravilhosos, vista linda, do lado da feira ver-o-peso,. vale a pena conhecer",Espírito Santo,Business,,2,DATE_NULL;
2687,2687,Renan Setta,Muito Agradavel,40,"Ir no fim da tarde, tomar um chopp da Amazon Beer observando a paisagem...grata surpresa! Ha varias opções de restaurantes, isso agradou bastante tb.",,Business,,2,DATE_NULL;
2688,2688,Paulo Sousa,Bom local para reunir com os amigos!!,50,"A Estação das Docas é um local excelente para encontrar amigos e fazer um lanche ou uma refeição. Dentro da Estação é tudo muito organizado, limpo e seguro. Mas a segurança nos arredores é preocupante. Quando por pedir um taxi ou Uber fique do lado dentro (a Estação é toda cercada) porque fora é perigoso.",Brasília,Business,,2,DATE_NULL;
2692,2692,Flávio J,Lugar Fantástico,50,"As Docas são um lugar fantástico e imperdível em Belém. Construído no local que já foi o Porto da cidade, mantém preservada a área que outrora era palco de intensa movimentação de cargas. Hoje bares e restaurantes dominão  o lugar que é pitoresco e muito adequado para o turismo. Possuindo inclusive uma cervejaria exclusiva, que produz lá mesmo seu próprio chopp. Delícia! e uma sorveteria de sabores regionais e maravilhosos. Possui um posto de táxi bem na frente do lugar.","São Luís, MA",Business,,2,DATE_NULL;
2760,2760,araripe2015,Excelente passeio!,50,"É um dos cartões postais de Belém e um local imperdível para qualquer turista! O espaço é resultado da revitalização das docas de Belém, tornando-se meio de disseminação da cultura local por meio da gastronomia, artesanato e bares, entre os quais se destacam o da Amazon Beer, uma micro cervejaria que funciona no local. Encontra-se a apenas alguns metros do Ver o Peso, outra atração impagável de Belém.","Sorocaba, SP",Business,,2,DATE_NULL;
2764,2764,noodlebs,Bela vista e excelente comida!,50,"Um excelente passeio para fazer em família! Comida típica, uma vista excelente do Rio, sorvete Cairu e artesanatos. Muito legal mesmo!","Rio de Janeiro, RJ",Business,,2,DATE_NULL;
2765,2765,Dguazzelli,Instalação impressionante,50,"Eu que sou de São Paulo, não imaginava ver um local com uma atmosfera tão bacana em Belém.Experimente as cervejas artesanais da Amazon Beer e prove os sabores diferentes de sorvetes das frutas típicas da região.","Sumaré, SP",Business,,2,DATE_NULL;
2766,2766,Luis S,Passeio,40,"Vale ser visitado pela diversidade da culinária, pela beleza do local e da natureza do entorno. Preços um tanto caros, porém, nada diferente das grandes capitais brasileiras.","Rio de Janeiro, RJ",Business,,2,DATE_NULL;
2767,2767,EmidioCunha,Estação das docas - Belém - PA,50,Excelente lugar para um happy our ou mesmo para o horário de refeições. Vista muito bonita da Baia de Guajará. Lindo por do Sol.,"João Pessoa, PB",Business,,2,DATE_NULL;
2769,2769,Alexandre_Zanini,Muito interessante e muita criatividade..,50,"A estação das docas, na minha opinião é um exemplo de que podemos mudar qualquer coisa, qualquer ambiente e qualquer lugar.... Basta ter ideia, imaginação e força de vontade de todos..","São Paulo, SP",Business,,2,DATE_NULL;
2770,2770,Jucineide L,Lugar maravilhoso,50,"Recomendo, lugar lindo com excelente culinária. Também tem artesanato e cervejaria, além da sorveteria Cairu, com sorvetes espetaculares.","Campinas, SP",Business,,2,DATE_NULL;
2771,2771,Luiz C,Excelente lugar para comer e beber,40,"Local amplo em frente ao rio. Possui um pequena mostra de peças antigas das docas e históricas também.Cervejaria amazon beer, sorveteria cairu e restaurante Lá em Casa são algumas das muitas opções.Música ao vivo no ambiente.Excelente para almoço e jantar com a família. Também é bom para casais.Recomendo!",,Business,,2,DATE_NULL;
2773,2773,lucia3007,Abandonada,30,Me surpreendi. Achei o local sujo e mal cuidado. nao tenho intenção de visitar novamente. Merece cuidado por parte das autoridades.,"Belo Horizonte, MG",Business,,2,DATE_NULL;
2776,2776,Alda T,Avaliação ,50,"Local muito  agradável  com vista para o Rio. Restaurantes ótimo, onde você encontra comidas típicas e outros tipos, diversidades de lembranças, um ambiente muito agradável, também pra quem quer se divertir Boa pedida",,Business,,2,DATE_NULL;
2787,2787,mendesvictor6,Ótima opção de lazer para um domingo.,40,"É uma estação portuária antiga, toda restaurada e transformada em um mini shopping. A maioria das lojas são ótimos restaurantes, a area externa possui uma vista incrivel e a Amazon Beer é uma atração a parte com suas cervejas artesanais e saborizadas com frutas locais.",,Business,,2,DATE_NULL;
2826,2826,Stephanie S,Lugar incrível,50,"A ideia de usar o lugar ""abandonado"" como quase shopping foi ótima! Os restaurantes e quiosques são muito bons!!!Comidas e sorvetes típicos de qualidade...que até trouxe pra casa! rs","Rio de Janeiro, RJ",Business,,2,DATE_NULL;
2828,2828,Tonio N,show de bola,50,"imperdivel a visitação. Tem vários barzinhos, sem contar fica na orla do rio. Pessoas bonitas e preços razoáveis.","Boa Vista, RR",Business,,2,DATE_NULL;
2913,2913,Suzana_A_C,Lugar lindo,50,"O lugar é belíssimo, tanto que pode-se ver frequentemente noivos e fotógrafos profissionais tirando fotos para book de casamento. Recomendo especialmente o período do pôr do sol.","Joinville, SC",Business,,2,DATE_NULL;
2941,2941,Rogneto,Excelente local,50,Em Belém um local muito bem conceituado que apresenta uma gastronomia imponente. Rendendo homenagens ao restaurante amazon  beer. Com cervejas artesanais de qualidade!,,Business,,2,DATE_NULL;
2951,2951,Luisa S,Lugar animado,40,"Vale a visita. Tem uma boa variedade de restaurante e a sorveteria Cairu, sempre uma boa pedida. A cervejaria que tem no local merece uma visita.","Porto Alegre, RS",Business,,2,DATE_NULL;
2954,2954,Giselle R,Lugar alto astral e com um vista perfeita.,50,"Estação das docas, é um lugar perfeito para o dia inteiro. E no final de tarde um pôr-do-sol com musica ao vivo e restaurantes para todos os gosto com um happy hour com amigos ou familiares.","Fortaleza, CE",Business,,2,DATE_NULL;
2955,2955,Natália L,Interessante,40,"É uma estação desativada que possui diversos restaurantes e lojas, com uma vista e exuberante.Está ao lado do Mercado Ver-o-Peso.Vale a pena conhecer","Belo Horizonte, MG",Business,,2,DATE_NULL;
2957,2957,tatadias2016,turismo,40,"este local possui vários tipos de culinária para se alimentar, fiquei ate em dúvida em qual, por manter uma alimentação saudável, mais não tem como resistir as comidas típicas de belem.","Manaus, AM",Business,,2,DATE_NULL;
2959,2959,Jose F,turismo,30,bom o que estraga la é a quantidade de pessoas suspeitas o que deixa a gente meio tenso mas o acesso aqui do hotel e facil e rapido,"Belém, PA",Business,,2,DATE_NULL;
2962,2962,MOISES JADAO N,"Estação das Docas - Boa comida, boa bebida e gastronomia de primeira",50,"Cartão postal da Capital paraense, a Estação reune num so lugar, beleza, bom gosto, boa comida, boa bebida e delicias da culinaria paraense. Super recomendo a todos.",,Business,,2,DATE_NULL;
2963,2963,CFig92,Lugar Maravilhoso!,50,"Quem vai até Belém não pode deixar de passar pela Estação das Docas! Lugar lindo, que transmite paz e oferece várias opções de alimentação. Música ao vivo, apresentações folclóricas em alguns dias, vista para o rio, ótimo local para fotos e para ver o por do sol! Super indico!","Aracaju, SE",Business,,2,DATE_NULL;
2964,2964,Daniel Borges,O melhor local de Belém,50,A reforma que fizeram no antigo porto ficou sensacional. Ótimos restaurantes e barzinhos com musica ao vivo. Existem alguns passeios de barco que saem do local. Não deixem de realizar o passeio durante o pôr do sol.,"Juiz de Fora, MG",Business,,2,DATE_NULL;
2969,2969,Marcilio B,Lugar atrativo pela paisagem,50,"Lugar muito bacana porque proporciona uma beleza natural, com excelentes restaurantes e bares que servem cervejas e aperitivos deliciosos.","Salvador, BA",Business,,2,DATE_NULL;
2970,2970,MdeElias,excelente gasdtronomia,50,"São vários restaurantes com comida típica paraense em um ambiente bonito e aconchegante. Destaque para a música ao vivo em uma ""ponte rolante""","Cruzeiro, SP",Business,,2,DATE_NULL;
2971,2971,Marcelo O,Lugar bonito!,50,É um porto com bastantes restaurantes por perto. Muito bonito. Porém é muito quente. Tem uma sorveteria cairu que é uma delícia!,"Goiânia, GO",Business,,2,DATE_NULL;
2973,2973,Samia D,Lazer,50,"Lugar muito agradável, comida maravilhosa, música ao vivo, shop gelado...só indo e curtindo pra crer. Adorei.","Fortaleza, CE",Business,,2,DATE_NULL;
2974,2974,Sergio S,Lugar especial com grandes possibilidades ,50,"Estação das docas, local de inúmeras opções, desde almoço a negócio em alguns dos melhores restaurantes que estão localizado dentro. Até um chopp especial com várias opções de buffet de terça a quinta em um happy hoje maravilhoso na Amazon Beer. Lá você pode fazer lindas fotos com um espetacular por de sol. Parada obrigatória em Belém, com necessidade de várias visitas em horários diferentes para assim poder dizer que conhece o local.","Belém, PA",Business,,2,DATE_NULL;
2975,2975,Maira Balby,Excelente!,50,"Linda estrutura, com algumas opções de almoço/lanche, tais como Cervejaria Amazon Beer, Sorveteria Cairu (você tem que provar o sorvete mestiço).","São Luís, MA",Business,,2,DATE_NULL;
2977,2977,Gustavo O,Vale a pena conhecer,40,Lugar legal de conhecer. Tem o famoso sorvete cairu e as cervejas artesanais da Amazon. Ambiente agradável e com música ao vivo,,Business,,2,DATE_NULL;
2980,2980,Josiane C,Local de visita obrigatória,50,Ótima vista e bons restaurantes. Parada obrigatória em Belém. Há apresentações artísticas variadas de forma intimista.,"Brasília, DF",Business,,2,DATE_NULL;
2981,2981,Marcelo P,Point da cidade,50,"Otimoi, são varias opções de consumo gastronomico. Digamos que em dois ambientes, ar livre ou refrigerado. Happy hour com repertorio variado, alem do chopp e cerveja.",,Business,,2,DATE_NULL;
2982,2982,Everton J,Vista tradicional com elementos históricos muito legais!!,50,"Excelente ponto turístico para visitar. Além da preservação das estruturas, a limpeza e conservação do local e divisão por estações é bem prático para andar e se localizar.",,Business,,2,DATE_NULL;
2983,2983,roland k,cheiro ruim,20,bacana mais cheiro ruim deve ser o central de ar antigo . vista boa mal aproveitado poco opção muito restaurante fechados,"Genebra, Suíça",Business,,2,DATE_NULL;
2984,2984,Raquel M,Melhor lugar de Belém,50,"Estive nas Docas durante o dia e também à noite. É uma delícia. Fica bem de frente para o Rio Amazonas. É um espaço com lojas, restaurantes, música ao vivo. Tem passeio de barco pelo rio. É muito bonito e agradável. Melhor lugar em Belém.","Curitiba, PR",Business,,2,DATE_NULL;
2985,2985,Eugeniojr83,Simpático,40,"O local já foi bastante movimentado, palco da Amazon Beer, cerveja tradicional da região. Hoje está um pouco esquecido, mas vale o passeio, para ver o rio.","São Paulo, SP",Business,,2,DATE_NULL;
2986,2986,DanielBijos,Interessante,40,"Tem vários restaurantes, climatizado, tem sorveteria, cervejaria, fica de frente para a baía, ao lado do Ver-o-peso.","Unaí, MG",Business,,2,DATE_NULL;
2987,2987,Guilherme F,Local muito agradável,50,"Muito bom com várias opções de lazer, bebidas e comidas.Também existe um passeio de barco muito interessante.",,Business,,2,DATE_NULL;
2988,2988,saulope2015,"Agradável e pitoresco, ótimo para happy hours",50,"O local é bem agradável e utiliza as antigas instalações do porto para seus restaurantes. A talha foi modificada e recebe artistas locais com repertório variado de musicas, deixando o ambiente super agradável. Amazon Beer é o lugar que não pode deixar de ir.",Recife,Business,,2,DATE_NULL;
2996,2996,Leandro S,Almoço na beira do rio,30,"Ao lado do Ver o Preço, a estação das docas apresenta uma ótima opção para descansar, se refrescar e almoçar. O restaurante Capone serve um ótimo filhote na chapa, com risoto de maniçoba, alem do tradicional pato ao tucupi. Recomendo!!","Caxias Do Sul, RS",Business,,2,DATE_NULL;
2997,2997,Cicero J,Panorama fantástico ,40,Um dos principais pontos turísticos da cidade. Passeio obrigatório.  Várias opções de restaurantes e cafés para deliciar a vista magnífica do rio que some no horizonte.,"Freiburg im Breisgau, Alemanha",Business,,2,DATE_NULL;
2998,2998,pariali,Marsvilhoso,50,Que lugar gostoso. Combina uma ótima vista com bares e restaurantes excelentes. Há uma cervejaria e no happy hour. Quem vai a Belém tem que ir. Recomendo.,"São Paulo, SP",Business,,2,DATE_NULL;
3012,3012,Rudolf W,PORTO MADEIRO EM BELEM,40,"Impressionante como em Belém puderam revitalizar antigos galpões e transformar em um ambiente tão agradável e acolhedor. Inclusive se instalou lá uma fábrica de cervejas artesanais, a AMAZON BEER. Os sabores dos sorvetes regionais impressiona. Vale a pena conferir!",,Business,,2,DATE_NULL;
3035,3035,Marcelo R,Frescura demais,40,"O lugar ficou lindo com as reformas, mas é chamado pelos paraenses de Estação das Dondocas. Diferente de Belém como um todo que é uma cidade simples e agradável a estação é um lugar pra turista, se come bem, se bebe bem e se paga caro. A vista é linda, mas é simplesmente um espaço ""pra inglês ver""","Barra Mansa, RJ",Business,,2,DATE_NULL;
3072,3072,Flavio_Appolinario,Melhor lugar da cidade,50,"Que ver o peso que nada. O negócio é ir a estação das docas, que fica do lado e é muito mais agradável.","Rio de Janeiro, RJ",Business,,2,DATE_NULL;
3082,3082,Daphne B,Agito e sossego,50,"É o antigo porto fluvial de Belém que foi modernizado e revitalizado e se transformou em local agradável, ao lado do rio, bastante frequentado com vários restaurantes, música ao vivo, lojinhas e eventos. Imperdível!",Rio de Janeiro,Business,,2,DATE_NULL;
3086,3086,LaloLacoma,Perfeito para a hora do almoço.,50,"Quer almoçar num lugar tranquilo e sem o burburinho da noite? Vá lá sem receio. Restaurantes excelentes e com preço justo. Na hora do almoço o atendimento é impecável, ao contrário de noite quando os lugares estão abarrotados de pessoas. Ainda dá pra de passear, ver o rio e os barcos. Estacionamento pago, mas sempre tem lugar nesse horário. Eu recomendo.","São Paulo, SP",Business,,2,DATE_NULL;
3094,3094,Gianflavio,Parada Obrigatória...,40,"Lugar muito bonito e agradável, onde é possível conhecer muito da cultura Paraense.... Culinária, artesanato, e ponto de saída para passeios de barcos....Pode-se visitar o centro histórico a pé mesmo, principalmente o mercado Ver-o-Peso....","Campo Belo, MG",Business,,2,DATE_NULL;
3114,3114,EdnaldoJunior,Ótimo,40,Uma agradável surpresa! Um local de interação com seus amigos e na qual vc pode contemplar o pôr-do-sol e desfrutar da culinária local que é sensacional. Diversas lojas para comprar presentes e o visual... é único. Recomendo!!!,,Business,,2,DATE_NULL;
3198,3198,Coutinho_Carioca,Excelente Pedida.,50,"E um excelente lugar para passar a tarde, depois de uma boa refeição em seus maravilhosos restaurantes.A pedida e tomar um sorvete Cairu, com sabores tipicos do Pará que encontramos apenas nesta sorveteria. #Ficadica","Rio de Janeiro, RJ",Business,,2,DATE_NULL;
3218,3218,Sidnei L,"""Parada Obrigatória""",40,Quem vem a Belem tem que passar na estacão das Docas e saborear um chopp de frutas artesanal no Amazon Bier. Um prazer saborear um jantar escutando um bom som que vem dos cantores que se apresentam no palco elevado.,"Assis, SP",Business,,2,DATE_NULL;
3220,3220,Jefreson,Happy Hour,50,"Não dá pra não curtir. Um Buffet de guloseimas junto com uma pequena cervejaria com chopp a vontade. E o preço uma pechincha. Tem dia certo, mas vale a pena. Além de curtir uma vista maravilhosa. Espetacular. E ainda curte uma música ao vivo que se desloca sobre trilhos no teto de uma lado ao outro. Sensacional.","São Paulo, SP",Business,,2,DATE_NULL;
3221,3221,Sérgio B,Lugar lindo,50,"O lugar é muito bonito, muito bonito, muito bonito, fica ao lado da Baía de Guajará e próximo ao Ver-o-peso",,Business,,2,DATE_NULL;
3230,3230,Claudio Silva,Lindo lugar ! Bela vista ! Otimos Resrtaurantes !,40,"Estação das Docas ! Pensem em lugar que o governo do estado teve a ótima ideia de revitalizar um porto desativado que acabou sendo um dos principais pontos turísticos de Belem ! Com visual do rio Guajará , o cliente tem varias opções de culinária , indo da regional ate a mediterrânea , com preços bons , atendimento razoável ! Não deixem de ir !","São Paulo, SP",Business,,2,DATE_NULL;
3231,3231,douglas1305,Excelente ponto de visitação,50,"Diversos bares com música ao vivo, ambiente muito aconchegante, pra quem gosta de bebidas não pode deixar de experimentar os chopps da Amazon beer.","Rio de Janeiro, RJ",Business,,2,DATE_NULL;
3238,3238,Zenilda P,Puerto Madero Brasileira,50,Lugar muito charmoso com excelentes restaurantes. Não fica devendo para Puerto Madero em nada! A vista do rio é magestosa.,"São Paulo, SP",Business,,2,DATE_NULL;
3239,3239,Paulo M,Excelente variedades de restaurante,40,"São armazéns que foram reformados e transformados em ponto turístico com diversos restaurantes, lojas, espaço para eventos e com uma vista previlegiada para o rio.","Barcarena, PA",Business,,2,DATE_NULL;
3245,3245,Rodrigo S,Bem agradável,50,"Lugar bem agradável onde há várias opções para comer e ouvir uma boa música, onde os músicos ficam acima dos cliente em uma base em movimento de ponte rolante,","Paulínia, SP",Business,,2,DATE_NULL;
3246,3246,Tiago M,Lugar muito bom!!!,50,"Lugar tranquilo, vários restaurantes, pratos típicos sensacionais! Aproveite e experimente os sorvetes! Experiência única! muito bom. Bela vista do Rio e um por do sol impressionante.","Cascavel, PR",Business,,2,DATE_NULL;
3247,3247,José R,Lugar incrível!,50,"Ótimo lugar para passear e jantar, restaurantes da melhor qualidade, além de mostrar em vários tópicos a cultura paraense.","Belém, PA",Business,,2,DATE_NULL;
3249,3249,Marisa Lima,Lojas e restaurantes,40,"São 3 estações, como eles chamam tem Artesanato, restaurantes,muitas lojas interessantes.No horário que fui algumas coisas estavam fechadas.","Rio de Janeiro, RJ",Business,,2,DATE_NULL;
3252,3252,Paul0s3,Point em Belém,50,"Este lugar agradabilíssimo com vista para o rio, tem possibilidades de passeios de barco, restaurantes, bebidas, petiscos, sorvetes e música ao vivo com palco deslizante. imperdível!!","Bauru, SP",Business,,2,DATE_NULL;
3256,3256,Nelson_Reis,Lugar Eclético,50,"Excelente lugar para passear. Tem todas a opções que precisa, desde Pub, Cervejaria, vários restaurantes, sorveterias, som ao vivo e uma vista maravilhosa do rio.","Porto Alegre, RS",Business,,2,DATE_NULL;
3257,3257,flavioal,Excelente!,40,"A Estação das Docas é um lugar bacana para happy hour, um fim de tarde de bom papo ou para quem deseja um jantar em um ambiente mais descontraído. Adorei conhecer este lugar.","Rio de Janeiro, RJ",Business,,2,DATE_NULL;
3267,3267,Gisa2014,Bonito,40,"Lugar muito interessante pra visitar em Belém. Desde 2007 viajo para lá e sempre tem alguma coisa nova pra fazer e pra ver na estação das docas. Virou um centro cultural, cheio de atrações regionais. Quem for a Belém e não visitar a estação, não foi a Belém. Lugar excelente pra reunir a família, os amigos, comer e beber a vontade. Quem estiver disposto a gastar...","São Luís, MA",Business,,2,DATE_NULL;
3270,3270,Maria L,Inusitado,50,"Em um local inusitado, pode-se passar um agradável fim de tarde, com muitas opções gastronômicas e musicais, além das opções de pequenos presentes artesanais.","Fortaleza, CE",Business,,2,DATE_NULL;
3301,3301,CarlosRolim,Variedade de cardápios num local lindo,50,"Fomos várias vezes à Estação das Docas, a cada dia experimentando um cardápio diferente. Em todos os restaurantes, havia algo que se destacasse, desde a Degustação Amazônica ao sorvete de buriti. Mas vale à pena até mesmo ficar somente tomando um café e olhando o Rio Guamá, sem pensar em nada. É o lugar para praticar o ócio prazeroso.","Rio de Janeiro, RJ",Business,,2,DATE_NULL;
3335,3335,JOSE T,docas,50,"maravilhoso tomar um sorvete  ou uma cerveja geladissima com otimo atendimento e um lugar magnificamente lindo, confortavel e bem frequentado",MANAUS,Business,,2,DATE_NULL;
3358,3358,Bianca D,Lugar bem transado!,50,"Além da vista linda do rio, a ótima estrutura, moderna e linda os restaurantes são muito bons. os restaurantes do térreo tem preço mais salgado, mas os da parte superior (self service) tem preços mais acessíveis.","Recife, PE",Business,,2,DATE_NULL;
3386,3386,Eduardo_Brito_Nit,Muito Bom,50,Nao deixem de provar o sorvete de queijo da CAIRU. É o melhor de Belém. As Docas são um ótimo lugar para aproveitarem o que a cidade oferece melhor da gastronomia local e mundial.,Niterói,Business,,2,DATE_NULL;
3395,3395,wuuc,happy hour!,50,"Ótimo lugar para fim de tarde e a noite. Muitos restaurantes e bares, além de bela paisagem. Localização excelente e espaço amplo.","Santana, AP",Business,,2,DATE_NULL;
3439,3439,Pedro B,Para visitar e comer,40,"É o antigo porto reformado. Algumas coisas lembram Puerto Madero (Buenos Aires), guardadas as devidas proporções. Fica na beira do rio e é um bom lugar para tomar um chopp e beliscar u mas coisas.","São Paulo, SP",Business,,2,DATE_NULL;
3446,3446,jclaudiobritofilho,Muito boa,40,"Muitas opções de lazer, especialmente gastronômicos. Só sugeriria melhor sinalização interna e mais policiamento no entorno.","Belo Horizonte, MG",Friends,,2,DATE_NULL;
3496,3496,OdairBehnke,Local muito agradavel,50,Ponto turístico da cidade que precisa ser conhecido. Local muito agradável com opções gastronômicas e culturais muito boas.,"Blumenau, SC",Friends,,2,DATE_NULL;
3497,3497,Lobenvel,Passeio gastronômico,50,"Além da bela vista à Baía do Guajará, garantindo fotos belas, especialmente no pôr do sol, a visita à Estação das Docas vai ser memorável se você almoçar lá! Ótimos restaurantes, com comida típica. Recomendo!","Rio de Janeiro, RJ",Friends,,2,DATE_NULL;
3498,3498,Aline G,Passeio obrigatório ,50,Passeio obrigatório para quem vem à Belém. Lugar organizado e agradável. Ali você vai encontrar lojas de souvenirs e opções de saborear a culinária local.,"Ribeirão Preto, SP",Friends,,2,DATE_NULL;
3500,3500,Diego M,Muito bom,50,Lugar muito bonito e gastronomia muito boa.Vale a pena visitar em dias de sol para apreciar a vista do rio.,"Itapema, SC",Friends,,2,DATE_NULL;
3514,3514,Cris M,Ótimo para passar uma tarde,40,"Amei passar uma tarde nesse lugar. Ideal para comer um aperitivo e deixar o tempo passar simplesmente admirando a paisagem e o clima. Local bem seguro.Mas o preço de tudo é um pouco salgado, como em todo local turístico.",,Friends,,2,DATE_NULL;
3567,3567,hudsonmarcal,Ótimo lugar para beber e comer.,50,"Vários restaurantes e bares por toda a extensão das docas, comidas típicas, bebida gelada e um ótimo custo benefício.","Belém, PA",Friends,,2,DATE_NULL;
3572,3572,raul1950,Estação das Docas,40,Local agradável para conversar com amigos e levar a família. O ponto alto é no fim da tarde quando podemos desfrutar um por-do- sol deslumbrante. Vale a pena conferir.,"Belém, PA",Friends,,2,DATE_NULL;
3602,3602,edmeirel,Excelente lugar para visitar,50,"A Estação das Docas tem boa diversidade de restaurantes, bem como em sua área interna, totalmente climatizada, oferece aos visitantes, local de descontração.","Fortaleza, CE",Friends,,2,DATE_NULL;
3603,3603,João Paulo C,Cultura e Conhecimento,50,"Um bom lugar. Fica de frente do porto. Lá podemos ver os navios, além de ter uma linda paisagem. Gostei muito,.","Tianguá, CE",Friends,,2,DATE_NULL;
3604,3604,Lucandango,Passeio agradável,40,"Local para comer e beber algo, boa vista do rio em ambiente climatizado com estacionamento pago. Cervejas artezanais e buffet de comidas reginais.","Brasília, DF",Friends,,2,DATE_NULL;
3606,3606,Viviane895,fantastico,50,"que lugar maravilhoso, misericórdia, como a comida é boa, lugar agradável, pessoas educadas no atendimento, muito difícil escolher em qual fui melhor tratada, mas recomendo o Capone !!!!","Ariquemes, RO",Friends,,2,DATE_NULL;
3607,3607,Rafael G,Pocas opções de alto custo.,30,"Melhor nem falar das expectativas.O espaço traz poucas opções com alto custo.O atendimento tentar minimizar o impacto negativo, mas não pretendo voltar.","Salto, SP",Friends,,2,DATE_NULL;
3608,3608,Emilse Aparecid... M,Local muito aprazível!,50,"A Estação das Docas é um lugar muito lindo porque permite observar a beleza das águas do Rio que banha  a cidade de Belém.  Na parte interna, bem organizada e moderna,  pode-se desfrutar de restaurantes,  sorveterias e lojas de souvenir.  A noite tem sempre música ao vivo em um palco móvel ! Visita obrigatória e deliciosa!",,Friends,,2,DATE_NULL;
3609,3609,Daniel Marreco,Belíssimo lugar,40,"Lindo lugar.. diversidades de programas..desde alimentação, caminhadas. Lembranças artesanais.. lanches, sobremesas e sorvetes fantásticos.. diversidade de preços. Estacionamento ampla e bom atendido e preço.",,Friends,,2,DATE_NULL;
3611,3611,ligiamoura2016,remodelado,50,"polo gastronômico com alguns stands de artesanato. Local bonito e agradável, boa variedade de bebidas e restaurantes.","Águas Claras, DF",Friends,,2,DATE_NULL;
3674,3674,Lifigueiredo,Bom Passeio e degustação,40,"Pra quem quer apreciar as culinárias paraenses, com um belo entardecer, veio ao local perfeito. Muito bom pra selfies tbm.",,Friends,,2,DATE_NULL;
3716,3716,Sílvia B,Bem legal,50,"Bem interessante, no dia tinha música ao vivo, entrevistas..movimentado o lugar! Vale a pena conhecer.","Curitiba, PR",Friends,,2,DATE_NULL;
3730,3730,Carlos Wellingt... A,Vale a pena!,30,"A diversidade de sabores nos diversos restaurantes faz valer a pena. Comida um pouco cara em quase todos os estabelecimentos. Mas, vale a pena!","Rio de Janeiro, RJ",Friends,,2,DATE_NULL;
3739,3739,amadeulinhares,Boa pedida para passeio,50,"Um bom lugar para passear com os amigos​ ou família. Ambiente agradável, dentro e fora. Diversas opções de alimentação e um vista fantástica. Vale apena conhecer","Brasília, DF",Friends,,2,DATE_NULL;
3753,3753,jluizlobato,foi uma visita para saborear uma pizza e colocar os papos em dia com amigos que nao via a mais de anos.,50,"E otimo lugar para conversar com amigos, apreciar a beleza da baia do guajara, e tambem curtir as atraçoes musicais.","Belém, PA",Friends,,2,DATE_NULL;
3757,3757,Carol M,Parada Obrigatória em Belém,40,"A estação das docas reúne arte, cultura, artesanato e culinária no seu complexo. Tem música ao vivo, tem vista pro mar. O ambiente é super agradável. Os locais nos alertam muito sobre ser uma região perigosa. Lógico que tarde da noite não é bom ficar andando no centro de nenhuma cidade, mas não há problema nenhum se você for de carro ou táxi (tem um ponto de táxi bem em frente à saída da estação das docas.","Belém, PA",Friends,,2,DATE_NULL;
3759,3759,tatianasuster,Lindo!,50,O lugar é incrível!  Possui bares e restaurantes bons! Tem um super visual. É um ótimo lugar para passar o tempo sozinho ou acompanhado.,,Friends,,2,DATE_NULL;
3760,3760,Germano M,Local agradável ,50,"Local super aconchegante , com ótimos restaurantes e com algumas lojas para pequenas compras. O local conta com uma cervejaria da região , muito bacana. Local com bela vista para apreciar um lindo por do sol.","Fortaleza dos Nogueiras, MA",Friends,,2,DATE_NULL;
3761,3761,Joselisa M,Cartão Postal de Belém,50,"Ótimo lugar para assistir o pôr do sol. Bem romântico com área interna (climatizada) e externa ao ar livre. Mas pode-se desfrutar do local em qualquer situação. Dispõe de teatro, cinema, bares e restaurantes famosos, que exploram a culinária paraense, em dias de pico é necessário reservar com antecedência. Tem uma fábrica de cerveja ""artesanal"" que oferece cervejas com sabores de frutas típicas da região e um ótimo happy hour. Oferece também algumas lojas, inclusive de jóias artesanais, que utilizam pedras preciosas, sementes e partes de frutas locais. Desfrute de uma sorveteria que oferece diversos sabores de sorvetes regionáis. Também tem estacionamento e um pequeno porto de onde saem embarcações turísticas que navegam no entorno da orla de Belém. A novidade agora é que noivas tiram fotos no local após o casamento. A entrada é grátis.","Campinas, SP",Friends,,2,DATE_NULL;
3762,3762,Janaína Medeiros,Boa comida,50,"Um lugar bem no centro, com várias opções de restaurante, um lugar limpo e muito bonito e conservado a margem do rio, tem estacionamento próprio mas com poucas vagas.","Jacareí, SP",Friends,,2,DATE_NULL;
3764,3764,314Cilce,muito organizado e focado no turista,50,o povo belenense é muito hospitaleiro e preparado para receber turistas . Os locais de visitação muito bem conservados . Vale a pena conheçer .,,Friends,,2,DATE_NULL;
3765,3765,RaqcOliveira,Local agradável ,50,"Local preservado, muito vem estruturado. Ótimos restaurantes com atendimento adequado. Show de carimbó no dia que visitei.","São Paulo, SP",Friends,,2,DATE_NULL;
3766,3766,Paulino H,Um oásis no meio do caos,30,"Segundo os próprios belenenses, o lugar mais bonito de Belém. De fato, seguro, limpo, bonito, agradável. Ainda tem muito espaço para se tornar um local sensacional. É que muito próximo, está o mercado Ver O Peso, e aí dá para entender o comentário dos belenenses...","Santos, SP",Friends,,2,DATE_NULL;
3768,3768,Bruna M,Vista bonita do rio,50,"Um bom lugar para passear, ao lado do mercado ver-o-peso. Possui restaurantes, lanchonetes e lojas. Música ao vivo agradável, ambientes com ar condicionado. A parte de fora é ótima, uma vista incrível e uma caminhada gostosa. Não pode deixar de experimentar os sorvetes de frutas regionais.","Rio de Janeiro, RJ",Friends,,2,DATE_NULL;
3770,3770,thiagodelegado,Local muito agradável,50,"Local tranquilo, mas com  varias opções de restaurantes.tem uma vista super agradável.recomendo o restaurante Amazon beer, eles servem uma unha de caranguejo maravilhosa e amei a cerveja de tapereba","Natal, RN",Friends,,2,DATE_NULL;
3771,3771,Cláudia M,Passeio,50,"Lindo lugar. Super gostoso, climatizado com lojas e excelentes bares e sorveterias. Arquitetura maravilhosa! Ponto de táxi perto. Muito bonito o lugar!","Ipixuna do Pará, PA",Friends,,2,DATE_NULL;
3773,3773,Vall Mendess,Belíssima vista do por do sol,50,"Com bons restaurantes na área interna, que se estende até a área externa, permitindo apreciar o por do sol. Belíssimo!!","São Paulo, SP",Friends,,2,DATE_NULL;
3774,3774,Ge Maria,Passeio bom! ,50,"A visita na estação das docas é obrigatória em Belém! Com muitas opções de restaurantes, compras e uma paisagem de tirar o fôlego! Vale chegar antes de escurecer para apreciar o por do sol e conseguir belas fotos!!!!",,Friends,,2,DATE_NULL;
3775,3775,Melissa,Ótimo Passeio,40,"Local para todos os gostos, com várias opções de restaurantes, doceiras, sorveteria e algumas lojinhas de itens típicos.","São Gonçalo, RJ",Friends,,2,DATE_NULL;
3776,3776,Albana Lúcia A,Esplêndido,50,"Lindo, principalmente no entardecer... A beleza do Rio, suas ondas transmitem calma. Os bares e restaurantes com comidas típicas. E se tiver sorte ainda pode ver um show de danças da região, que acontece na sexta-feira.","Belém, PA",Friends,,2,DATE_NULL;
3777,3777,Luiza Aro,Lugar agradável,40,"Local onde você encontra alguns restaurantes de comida típica paraense, a famosa cervejaria Amazon Beer e os deliciosos sorvetes Cairu. A vista do pôr-do-sol é maravilhosa!","Rio de Janeiro, RJ",Friends,,2,DATE_NULL;
3778,3778,eduardo rossi,Ótimo lugar pra comer e passear,50,"Excelente opção pra beber e comer com amigos ou família. Belissimo por do sol. Preparem seus celulares para muitas fotos!!!Tem neste local a Amazon Beer com vários tipos de chop e cerveja. Experimentem todos, vale a pena. Restaurante Lá em Casa ou o Capone servem bufês com pratos regionais, ambos são excelentes.   Lugar imperdível pra um maravilhoso happyhour.",,Friends,,2,DATE_NULL;
3781,3781,RodrigoN75,Tarde agradável ,40,"O local foi restaurado e tem diversas opções de alimentação. Bom passear no final da tarde e ver o por do sol às margens da baía. Se for a Belém, não deixe de ir.","São Paulo, SP",Friends,,2,DATE_NULL;
3931,3931,Isabela M,Super agradável ,50,Lugar muito bonito e super agradável para passear e comer. Tem vista para o rio. Várias opções de restaurantes e tipos de comida. Bares. Música ao vivo (deve ser em alguns dias). Vale a pena conhecer.,"Porto Alegre, RS",Friends,,2,DATE_NULL;
3979,3979,Deivisson M,Um dos Principais Pontos turísticos de Belém.,50,"É um excelente ponto de encontro para conversas com amigos, reuniões de trabalho nos restaurantes próximos. Um lugar que se torna destaque em Belém pela sua importância histórica. É um ambiente agradável com ótimos restaurantes, nos apresenta um visão inigualável em frente a Bahia de Guajará, o local nos apresenta imagens inesquecíveis do por do sol em Belém.",,Friends,,2,DATE_NULL;
4036,4036,ChicoAmaral,Espaço turístico obrigatório.,50,"Um dos cartões postais da cidade das mangueiras que fica de frente para a Baía. Conta com 3 galpões, onde funcionava parte do Porto de Belém e hoje abriga Teatro, lojas, bares e restaurantes e a sorveteria Cairu.","Belém, PA",Friends,,2,DATE_NULL;
4052,4052,Felix N,Ambiente agradável,50,"Ótimo ponto turístico, bons restaurantes onde pudi me deliciar com a culinária paraense, com um ambiente extremamente agradável.",,Friends,,2,DATE_NULL;
4073,4073,paralocar,BEM TURISTICO,40,Complexo restaurado das Docas com varias opçoes gastronomicas e venda de artesanato.Funciona tambem para embarcar em alguns passeios fluvias,"Macapá, AP",Friends,,2,DATE_NULL;
4104,4104,Sid C,Um dos melhores lugares pra visitar,50,Maravilhoso!!!! Lugar belo e magico para estar com qualquer pessoa. Sem duvida nenhuma um dos melhores lugares que ja visitei em toda minha vida,,Friends,,2,DATE_NULL;
4106,4106,ERNESTO V,ótimo ponto turístico em Belem,50,local muito agradável e seguro; boa comida e musica regional tocada ao violão num palco deslizante é um atrativo a parte!!,"Marabá, PA",Friends,,2,DATE_NULL;
4108,4108,Felipe A,Parada obrigatória ao vir em Belém,50,"É um ambiente grande, diversificado e cheio de opções. De artesanato a culinária, exposições de arte a shows. É um lugar impossível de não encontrar algo que agrade. Ao por do Sol é reproduzido no sistema de som a música Bolero de Ravel, uma experiência ímpar.",,Friends,,2,DATE_NULL;
4109,4109,Bárbara O,Sempre excelente!,50,Sempre quendo volto em Belém tenho que ir na Estação das Docas e aproveito pra tomar um chopp de priprioca na Amazom beer.,,Friends,,2,DATE_NULL;
4110,4110,RobertoMonzi,Tem que conhecer,40,"Na estação das docas tem cultura, moda, eventos, gastronomia. Um elegante complexo turístico construído nos galpões de ferro restaurados do antigo porto da capital. Quem vem para Belém não pode deixar de visitar.","Salto, SP",Friends,,2,DATE_NULL;
4116,4116,Tiago D,Otimo!,50,"Um ótimo local em Belém para visitar a beira do rio, tem ótimos restaurante com vários tipos de comida, lojinhas de artesanato, tudo muito agradável ambiente para reunir os amigos e familiares e curti um inicio de noite!!","São Paulo, SP",Friends,,2,DATE_NULL;
4130,4130,taynara2016,por do sol,40,"se você que prestigiar um por do sol incrível é sor ir até lá, não irá se arrepender, agradável ponto turístico de Belém.","Belém, PA",Friends,,2,DATE_NULL;
4132,4132,Alice L,Lugar perfeito,50,Lugar muito para ter uma tarde maravilhosa com os amigos. Sem falar da vista. Além de ter um por do sol esplendido.,"Foz do Iguaçu, PR",Friends,,2,DATE_NULL;
4145,4145,Nanda M,A cara é Belém!,50,"Quem vem a Belém não pode deixar de conhecer! Lugar caracterisco da cidade. Ambiente interno climatizado e ambiente externo de frente para o rio. A melhor hora pra visitar é ao pôr do sol. Não deixar de experimentar o sorvete de tapioca da Caiuru e as cervejas artesanais da Amazon Beer. Outra boa dica é fazer o passeio de barco pela orla da cidade, realizado pela Vale Verde com saídas pela manhã e de noite da própria Estação.","Macapá, AP",Friends,,2,DATE_NULL;
4148,4148,Armenita M,Antigas docas que virou um local de entretimento !,50,"A Estação das Docas é um local para todas as idades, tem restaurantes, bares, sorveteria, lojas e uma mostra do artesanato paraense.","Belém, PA",Friends,,2,DATE_NULL;
4154,4154,4ttos,Imperdível,40,"Lugar perfeito para tomar um chopp com os amigos em qualquer horário. Ver o sol se pôr sobre o Guajará, no entanto, é imperdível.","Vitória, ES",Friends,,2,DATE_NULL;
4165,4165,chgrosman,É uma parte das docas de Belém transformado em um Boulevard fechado e climatizado.,50,"Fomos lá de tarde tomar uma cerveja e comer pastéis de Tacacá na Cervejaria da Amazônia. Uma iguaria! Na parte de fora tem mesas também, mas deixamos para os nativos acostumados com o calor tropical. No mezanino tem lojas de artesanato, moda e etc. Lembro-me de outra vez que estive lá, logo depois de inaugurarem, que um pianista tocava em uma plataforma suspensa que corre por toda a extensão do salão. A plataforma está lá, mas não sei quando colocam para funcionar. Provavelmente nos fins de semana. Local muito agradável e familiar. Confiram.","Campinas, SP",Friends,,2,DATE_NULL;
4166,4166,Eliana B,MUITO BOM,40,"Local imperdível para happy hour com amigos, tanto para moradores da cidade quanto para turistas. Cerveja gelada e visual incrível do rio.","Belém, PA",Friends,,2,DATE_NULL;
4171,4171,Ricardo B,Simplesmente Perfeito!,50,"Local ideal para passear no final de tarde com a família, para prestigiar o magnifico pôr do sol a beira do rio.Grande variedades de restaurantes onde pode se encontrar pratos típicos e outros mais requintados.","Contagem, MG",Friends,,2,DATE_NULL;
4174,4174,Hotel VillaOeste,Imperdível,40,"Antigo porto de Belém, transformado num complexo turístico bem bacana, com lojas, restaurantes, bares.  Vale a pena ir mais de uma vez para conhecer as várias opções gastronômicas do lugar, como o Amazon Beer (cervejas incríveis), o Lá em Casa, os sorvetes da Cairu, e comprar artesanato nas lojinhas.  O melhor é ir no final da tarde e aproveitar o belo por do sol.",,Friends,,2,DATE_NULL;
4176,4176,Alicez217,Opções de restaurantes e bares,40,"O local tem várias opções para almoço e jantar. Como tem mesas ficam ao ar livre (ou internas, se preferir), é um ótimo local para tomar um chopp e deixar a vida passar.","São José dos Campos, SP",Friends,,2,DATE_NULL;
4180,4180,Amanda F,POSSUI MELHOR SORVETE DA CIDADE!!,50,"Bela Vista, lugar para quem quer fazer uma boa refeição, comprar lembranças para amigos. Sem contar no delicioso sorvete CAIRU,.","Manaus, AM",Friends,,2,DATE_NULL;
4181,4181,fernandamasceno,Otima visão da Orla da cidade de Belem,50,"Entrada franca, porem qualquer coisa la dentro muito cara. Mas um lugar legal e seguro para apreciar a orla da cidade. Imperdivel tomar um sorvete da Cairu.","Ananindeua, PA",Friends,,2,DATE_NULL;
4184,4184,Mariana C,muito agradável!,50,"Ambiente gostoso e agradável. ótima opção de passeio, com restaurantes e lanchonetes que oferecem variedade culinária. Não deixe de provar o sorvete Cairu, é uma delicia!",,Friends,,2,DATE_NULL;
4185,4185,Monicacabraldomonte,Estação das docas,40,"Ótima atração pra turistas. Da estação das docas é possível ter uma vista incrível do rio, além da possibilidade de desfrutar das comidas paraenses nos diversos restaurantes que existem no estabelecimento.","Natal, RN",Friends,,2,DATE_NULL;
4187,4187,Daniel Soutinho B,Indispensavel,50,Indispensável para quem visita Belém. Local muito bonito e cheio de coisinhas para comer. Visite durante a noite e também durante o dia.,"Recife, PE",Friends,,2,DATE_NULL;
4192,4192,Roberto L,Muito lindo.,50,"Lugar lindo, sem dúvida uma das melhores opções para turistas em Belém, restaurantes excelente e muita variedade na culinária, do típico ao sofisticado.",,Friends,,2,DATE_NULL;
4195,4195,Yona2014,Imperdível ,50,"Lugar imperdível para os turistas pois tem várias opções de compras, locais para comer, uma vista linda do rio Guamá, ótimo pra encontrar os amigos, com música ao vivo, localizado nas antigas docas da cidade.","São Luís, MA",Friends,,2,DATE_NULL;
4201,4201,Daniel S,Agradável,50,"Local agradável seja para um fim de tarde, para almoço ou para passear. Vista bonita das ilhas da cidade","Macapá, AP",Friends,,2,DATE_NULL;
4204,4204,crmigliati,Deliciosamente agradável,50,"Uma estação de docas totalmente adaptada em três compartimentos. Excelente opção para apreciar o artesanato local e gastronomia paraense. Totalmente revitalizado relembra ""Porto Madero"" de Buenos Aires. Além de tudo, há empresas para diversos passeios fluviais.",,Friends,,2,DATE_NULL;
4209,4209,Leticiafrancaadm,Agradavel,50,"Excelente lugar,vista bonita,ótimo para tomar uma cerveja com amigos,com a família,bacana para que gosta de história tem um mini museu dentro de uma das galerias,vários barzinhos,lojas de lembranças,enfim muito bom recomendo,não tem como ir a Belém e não ir nas docas",,Friends,,2,DATE_NULL;
4212,4212,Suelemmota,O caro que vale a pena!,50,"Local lindo e refrigerado com uma culinária tipicamente paraense, muito bom! Só tem uma probleminha, é carinho! Acho que o preço deveria ser mais acessível já que o público é bem variado!","São Paulo, SP",Friends,,2,DATE_NULL;
4213,4213,Keila Simone D,Lugar lindo,50,"A música é boa, o atendimento é rápido e a comida é uma delícia.O ambiente é super agradável e mágico.A decoração nos leva a outra época em uma clima fascinante.Vale a pena!",,Friends,,2,DATE_NULL;
4218,4218,Caio S,Repleto de Restaurantes,40,"Possui uma infraestrutura bem legal, uma diversidade de restaurantes, onde se encontra muita comida típica.",,Friends,,2,DATE_NULL;
4219,4219,Claudia L,muito bom,40,"Lugar agradável! é um dos pontos turístico de Belém, possui vários restaurantes típicos, musica ao vivo e artesanato.",,Friends,,2,DATE_NULL;
4220,4220,charlesfamtur,Lugar sensacional!,40,"Ambiente Muito bom! Bares maravilhosos, Restaurantes de primeira classe, Sorveteria, linda vista para a baia, Musica ao vivo, teatro, muito bom mesmo!","Belém, PA",Friends,,2,DATE_NULL;
4223,4223,Jefferson Cunha,Pôr do sol maravilhoso,40,"Ótimo lugar para visitar a qualquer hora em Belém, porém o mais especial acontece ao pôr do sol quando o cenário (baía do guajará) fica estonteante.",,Friends,,2,DATE_NULL;
4224,4224,Tays T,Beira mar ,50,"A estação das docas e um átomo lugar com música ao vivo , vendas de vários tipo de comidas das típicas até as tradicionais como pizza, salgados,  sorvete e outras coisas.Tem tbm um terminal para passeio de barca pelas ilhas próximas.Um ótimo local para família, encontro de amigos ou até para namorar!",,Friends,,2,DATE_NULL;
4226,4226,GeisaBorges,Lindo lugar! ,50,"Belíssimo lugar! Muito aconchegante, com excelente gastronomia e boa música.. Exposição de peças antigas da navegação e lindas peças nas feirinhas que ficam lá dentro..",,Friends,,2,DATE_NULL;
4230,4230,AmandaMrtns,um bom lugar para ir com familia e amigos,50,"A estação das docas é um excelente ponto turistico para conhecer mais sobre o que a cultura Paraense tem a oferecer, no entanto, não deixa de possuir as mais diversas culinárias do  País, sem falar na vista maravilhosa para a Baía do Guajará. Vale a pena!","Belém, PA",Friends,,2,DATE_NULL;
4232,4232,Hannah A,Um dos principais pontos turísticos de Belém,50,"De frente para a Bahia do Guajará, com certeza uma vista incrível.Local seguro, ambiente familiar, conta com ótimos restaurantes, cervejaria Amazon Beer que conta com cervejas únicas, de açai, bacuri e etc... vale a pena provar todas!! ahhh e o famoso sorvete paraense da Cairu, são maravilhosos também.É um lugar lindo que vale muito a pena conhecer.","Belém, PA",Friends,,2,DATE_NULL;
4234,4234,Rodrigo M, Ótima opção ,50,"O local oferece uma variedade de restaurantes. Há também no local, a Amazon beer, a sorveteria Cairu e opções de artesanato local.",,Friends,,2,DATE_NULL;
4236,4236,Marina F,Vale a pena conhecer,50,"Estive la durante o dia para almoço. O local lembra muito Puerto Madero em Buenos Aires. Tem muitas opções de restaurantes, e tem show ao vivo. Vale a pena.","Belo Horizonte, MG",Friends,,2,DATE_NULL;
4244,4244,Nayrasouza,Lugar para passear e comer bem,40,"A estação das docas conta com restaurantes e bares que funcionam tanto pro almoço quanto para o jantar. O cardápio é bem variado e com preços acessíveis. Além disso, a beleza da beira do rio é um fator de destaque. O pôr-do-sol é imperdível!","Belém, PA",Friends,,2,DATE_NULL;
4245,4245,Thais B,Luxo na beira da bahia do guajara,50,"É belo local de diversão porquê lá encontramos restaurantes e comidas típicas da amazônia sem falar na sorveteria Cairu que tem sabores exóticos, saborosos. Local agradável para ir com a familia a qualquer hora.","Belém, PA",Friends,,2,DATE_NULL;
4248,4248,Isabela O,Bom lugar para apreciar o rio !,40,Um dos principais Pontos turísticos da capital paraense! varias opções de restaurantes e bares.. lugar legal para ver o rio e apreciar o por do sol.,,Friends,,2,DATE_NULL;
4249,4249,Adriana L,Maravilhoso!,50,"Quem vem a Belém e não conhece a Estação das Docas, não conheceu o melhor da cidade. Música ao vivo de um jeito bem diferente, os melhores restaurantes reunidos num só lugar, local para curtir com os amigos,com a família, lá tem atrações para todas as idades. Recomendo ir a tarde para ver o pôr do sol e pegar a noite pra curtir a deliciosa comida desse local.",,Friends,,2,DATE_NULL;
4252,4252,Kamila R,otima opção de passei com a familia e amigos,40,"lugar super aconchegante, culinária bastante abrangente, otimo para ir qualquer hora do dia, especialmente almoço e final da tarde, o por do sol é ainda mais bonito de lá.","Macapá, AP",Friends,,2,DATE_NULL;
4293,4293,Mavire2013,Traz paz interior ou Boa Agitação,50,"Local agradável, e conforme sua escolha, pode optar por barzinho com música ao vivo, ou um banquinho de frente a Baia do Guajará, e possuí também parte mais chique, onde o cantor fica dentro de uma parte de vidro a cima da galera, ainda tem museu com parte histórica de Belém, fora alguns eventos inopinados, vale a pena conhecer.","Belém, PA",Friends,,2,DATE_NULL;
4333,4333,Lourival N,Maravilhoso para relaxar,50,"Este local é maravilho, embora consegui frequentar somente a noite, mas é um  lugar muito bom para relaxar, jantar, beber, visitar as lojinhas que existem no loca vendendo artigos regionais e muito lindos.Agora o chop artesanal e o rodozio que acontece de segunda a quarta das 17:00 as 21:00 nao tem preço é maravilhoso, vale a pena conhecer.",,Friends,,2,DATE_NULL;
4401,4401,Pedro Henrique Carvalho,Local agradavél,40,"Local muito agradável, com bons restaurantes, alguns com preços bons, outros nem tanto! Vale a pena conferir o lugar, a vista da baia.","Belém, PA",Friends,,2,DATE_NULL;
4491,4491,marco_viagem,Ótimo lugar para um fim de tarde.,40,"Local muito agradável, com diversas opções de barzinhos e diferentes acompanhamentos. Inclusive tem uma cervejaria artesanal com diferentes ditos de cerveja. Tem também uma feirinha onde se pode adquirir produtos de artesanato local muito bem feitos. Vale a pena visitar.","Brasília, DF",Friends,,2,DATE_NULL;
4495,4495,Marcelle M,Maravilhoso encontro com as águas!,50,"A estação das docas e o típico local que te encanta! Existe um encontro genuíno de natureza e explendor! Seja almoço, por do sol, jantar . O local continua com sua magia ! Dentro existe e climatizado fora vc sente a brisa. Os restaurantes que ali estão são fantásticos ... Peixes, grelhados, massas, caldos, comida de boteco! E para finalizar um sorvete bem regional! Indicadissimo!","Aracaju, SE",Friends,,2,DATE_NULL;
4496,4496,Mah D,Sensacional ,50,"Arquiteto gênio! Lugar incrível, várias opções de comidinhas !!! Ótimo lugar pra tomar um café e assistir o por do sol !! 👍🌗Recomendo","Manaus, AM",Friends,,2,DATE_NULL;
4503,4503,Alves Albuquerq... A,"""Lugar muito agradavel""",50,"Sem dúvida nenhuma é um dos belos cartões postais de Belém, vale uma visita para tomar um chopp no fim de tarde em um de seus bons restaurantes, assim como também um bom programa pra jantar.","Boa Vista, RR",Friends,,2,DATE_NULL;
4519,4519,cristiana s,bem cuidado,40,"após revitalização e aproveitamento da área das docas, foram criados restaurantes e bares bem legais à beira do rio.","Piracicaba, SP",Friends,,2,DATE_NULL;
4535,4535,AbigailS09,BOM PASSEIO,50,Um excelente lugar para apreciar o pôr do sol e tem bons restaurantes e muito artesanato. É um bom passeio e fica perto do Ver-o-Peso.,,Friends,,2,DATE_NULL;
4552,4552,Aleixo I,Para gastar muito tempo,50,"Restaurantes, os mais variados, vista linda para a baia, o entardecer é maravilhoso. Sem contar o artesanato feito com sementes - brincos, pulseiras, colares, anéis . Enfeites para a casa. Tudo lindo","Rio de Janeiro, RJ",Friends,,2,DATE_NULL;
4686,4686,Napoleão G,Agradável e aconchegante,50,"Ponto turístico maravilhoso de Belém do Pará. Você experimenta um ambiente com climatização em área interna e outro com temperatura ambiente típica da Amazônica na área externa com vista para a baia da Guajará. Possui bons restaurantes onde se servem comidas típicas do Pará, sorveteria, artesanato, teatro, passeios de barco pela orla de Belém. Além do mais fica ao lado do ponto turístico mais conhecido de Belém - o ver-o-peso.","Belém, PA",Friends,,2,DATE_NULL;
4690,4690,Lidiane S,Diversidade,50,"Na Estação das Docas, você encontra de tudo um pouco, tem anfitreatro, teatro, bons restauranres, você pode apreciar a culunária local, excelente sorveteria, e artesanato local.","Belém, PA",Friends,,2,DATE_NULL;
4691,4691,Mario G,Excelente opção de lazer,50,"A estação das docas, em Belém do Pará, é um local que mescla ponto turístico, devido estar localizada as margens da Baia de Guajará e um ponto gastronômico extraordinário, pois além da culinária local, contempla pratos diversos dos mais variados tipos de cozinha, além das já conhecidas cerjas de bacurí, cupuaçu, entre outras, do Amazon beer.","Belém, PA",Friends,,2,DATE_NULL;
4693,4693,Samira P,Maravilha!,50,"A Estação das Docas é um dos pontos turísticos mais belos de Belém do Pará. Com vista para a baia você pode apreciar o por do sol e fazer um maravilhoso passeio de barco pela orla da cidade. Lá você vai encontrar restaurantes, artesanato, sorveteria, teatro, cervejaria e a noite curtir o espaço com música ao vivo. Você pode optar pelo espaço ao ar livre curtindo a bela vista da baia ou pelo espaço climatizado. Na Estação a entrada é gratuita porém você paga pra usar o estacionamento.","Belém, PA",Friends,,2,DATE_NULL;
4710,4710,Reziere Degobi,Muito agradável,50,"Lugar bonito, organizado, com muitas opções de presentes (mais caros que no Ver-o-Peso, que fica logo do lado), com uma vista agradável do rio e muita comida típica bem gostosa, com diversos restaurantes. vale uma verificada nos cardápios antes de escolher em qual comer. Não deixem de provar o prato de filhote com arroz de jambu. Voltei pro DF querendo mais. Tem um lance de metal suspenso que fica passando com os cantores de música ao vivo, bem legal. A vista externa lembra Puerto Madero, na Argentina.","Brasília, DF",Friends,,2,DATE_NULL;
4720,4720,Jéssica M,Lindíssimo,50,"Local super agradável com boasopções de restaurantes, barzinhos e sorveteria. Tive a oportunidade de ver o pôr-do-sol lá, é incrível! Leve câmera fotográfica. Recomendo à todos que forem à Belém!","Brasília, DF",Friends,,2,DATE_NULL;
4722,4722,Solange R,Tudo agrada.,40,"Muito interessante! Um local recuperado e organizado para oferecer tudo que o visitante possa desejar: excelentes restaurantes com comida regional e outras opções; música ao vivo em vários espaços; lojinhas de lembranças, roupas e bebidas. E uma vista que encanta.","Curitiba, PR",Friends,,2,DATE_NULL;
4727,4727,Elaine,"Descontraído, bonito e saboroso",50,"Quando me contaram que a Estação das Docas era o Novo Puerto Madero (Buenos Aires - Argentina) do Brasil eu duvidei. Quando conheci, achei ainda melhor. Bem mais descontraído e alegre, com música ao vivo circulando por todos os restaurantes e uma variedade bem grande restaurantes tanto para Happy Hour quanto para jantar. Para comidas típicas da região recomendo o restaurante ""Lá em casa"" e de sobremesa um sorvete do Cairu.","São Paulo, SP",Friends,,2,DATE_NULL;
4730,4730,WellenAvila,Romantismo,50,Estação um bom local para ir acompanhado ou até mesmo sozinho para admirar o por do sol com aquele rio imenso a sua frente e só aquele vento fresco da maré além de poder refletir um pouco sobre atitudes é um pedaço da tranquilidade ou as vezes as fúrias das ondas podem fazer elevar seu pensamento.,"Belém, PA",Friends,,2,DATE_NULL;
4731,4731,Paulop976,Um brinde ao ócio,50,"A estação é um lugar surpreendente. Totalmente revitalizada, esse espaço possui além de restaurante, sorveterias, lojas e choperia, um espaço ótimo para tomar uma cerveja vendo o por do sol no rio.","Belo Horizonte, MG",Friends,,2,DATE_NULL;
4741,4741,Adriano A,Lugar Maravilhoso,40,"Lugar muito bom para ir com amigos, família e etc.quem ir em Belém e não visitar as docas não sabe o que está perdendo.","Araguaína, TO",Friends,,2,DATE_NULL;
4742,4742,Cadu_Cardoso,Boa pedida!,40,"Ponto turístico da cidade, comer comidas típicas da região, junto com música ao vivo que anda por toda a estação. Fica ao lado da feira tradicional da Região. Quando fui ainda teve uma demonstração de arsenal da marinha com barcos atracados nas docas.","Niterói, RJ",Friends,,2,DATE_NULL;
4755,4755,Fábio Cavalcant... S,O Por do Sol,50,O melhor lugar para se ver o por do sol em belém  apenas mar e o sol muito lindo tanto para se ver só quanto acompanhado pela pessoa amada.,"Uberlândia, MG",Friends,,2,DATE_NULL;
4767,4767,Marcia_Ferreira20,Ponto Turístico imperdível em Belém,40,Passeio agradável... lugar com vista para o rio guamá uma excelente vista.... opções para refeições e passeios.,"Manaus, AM",Friends,,2,DATE_NULL;
4811,4811,Vivi C,Rico em história,50,"Aqui você encontra um pouco do estado de Belém do Pará , graças as exposições e amostras culturais. Quando a maré está cheia, o rio parece que vai transbordar ... muito lindo","Fortaleza, CE",Friends,,2,DATE_NULL;
4830,4830,Ravini M,Ótimo lugar e ambiente,40,"As docas é aquele típico lugar imperdível. É uma mistura de coisas. Há os restaurantes para almoço na parte de dentro, sanduíches, a famosa sorveteria da Cairu. Na parte de fora a vista é cartão postal da cidade com a baía. O passeio fica completo se estender um pouquinho pra o mercado ver o peso que vende várias coisas regionais que todo turista quer comprar. O final de tarde é o melhor horário para desfrutar do local.","Rio de Janeiro, Rio de Janeiro, Brazil",Friends,,2,DATE_NULL;
4856,4856,Maria Silvia S,Bárbaro,50,"Um lugar típico, muito bem restaurado, comida excelente, sorvete marvilhoso, musica ao vivo, na beira do Rio Amazonas.  Vale muito a visita!","São Paulo, SP",Friends,,2,DATE_NULL;
4900,4900,Sonia R,Imperdivel,50,"Esse parque possui várias espécies da nossa fauna, borboletário e muitas iguanas soltas, sem contar um grande número de garças que ficam soltas pelo parque. Possui também museu marítimo e um mirante do rio.","São Lourenço, MG",Families,,5,DATE_NULL;
4901,4901,Paulo S,Maravilhoso,50,Vou regularmente ao espaço. Principalmente ao restaurante Manjar das Garças que encontra-se dentro lugar.,"Belém, PA",Families,,5,DATE_NULL;
4903,4903,Marinho Castro,Mirante Lindo,50,"Local, tem varios pontos turiscos para ser explorados e dentro desse complexo turistico ainda encontramos uma torre observatório com bela visão da cidade!","Belém, PA",Families,,5,DATE_NULL;
4904,4904,Cris A,Lindo!,50,"Mangal das garças vale a pena fazer uma visita se estiver em Belém. Parque muito bem cuidado. Possui um restaurante no local e quiosque para lanche. Não cobra ingresso para a entrada. Dentro algumas atraçoes são pagas ao valor de R$ 5,00, como o mirante e borbuletário (lindo para fotos).","Fortaleza, CE",Families,,5,DATE_NULL;
4906,4906,Davi Tavares,Exuberante!,50,"Já tínhamos ótimas recomendações do Mangal e nossa só confirmou tudo que ouvimos! O lugar é muito bonito e agradável, oferece uma das melhores vistas do rio é um mirante de onde se pode ter uma ideia de toda cidade. Tudo muito limpo e bem cuidado. Animais passeiam livremente por todo canto o borboletário é uma obra de arte. Dentro do Mangal está localizado o restaurante Mnjar das Garças, excelente comida e atendimento (vale encaixar com a visitação ao Mangal).",,Families,,5,DATE_NULL;
4907,4907,RicardoNeno,Lindo,50,"Um dos lugares mais bonitos de Belém, parque com iguanas, guarás, Garças além de um lindo borboletario, aviário, museu da navegação, vista para o Rio, e um dos melhores restaurantes da cidade o Manjar das Garças","Belém, PA",Families,,5,DATE_NULL;
4964,4964,André C,Bom para um passeio,50,"Recomendo para almoçar e passear com a família. Locar bem arborizado, comida muito gostosa e variada.","Conselheiro Lafaiete, MG",Families,,5,DATE_NULL;
4974,4974,Keli S,"Lindo, lindo, lindo!!!!",50,"Um dos cartões postais de Belém, é de visita obrigatória. Que local lindo. A flora e a fauna do local é de tirar o fôlego. Não fomos no restaurante porque fomos depois do almoço, mas parece ser ótimo para almoçar lá.","Brasília, DF",Families,,5,DATE_NULL;
4981,4981,Andrés G,Um belo parque com excelente restaurante,50,"Primeira atração a ser visitada em Belém, pois era ao lado de nosso hotel. Belíssimo e bem cuidado parque com um excelente restaurante. As principais atrações do parque são pagas, porém com pequeno valor (R$ 5), sendo o ingresso para todos no valor de R$ 15. Fecha na segunda. Estacionamento interno pago.",,Families,,5,DATE_NULL;
4986,4986,Andreia S,Maravilha,50,Passeio maravilhoso!! Ótimo para levar crianças e fotografar! Amei 😍 preço das entradas cobradas bem em conta também. Vale conferir!!!,,Families,,5,DATE_NULL;
5053,5053,Carlos Wellingt... A,Vale a pena!,40,Bonito local. para curtir a natureza e fazer lindas fotos que serão lembranças para a vida toda. Vale a pena!,"Rio de Janeiro, RJ",Families,,5,DATE_NULL;
5065,5065,Mario P,Muito bom,40,"Local muito lindo. Reunião de familias e muitos jovens vão tirar fotos para casamento, festas e etc, O borboletario é lindo,.",,Families,,5,DATE_NULL;
5067,5067,claudio_byte,"Um belo parque, porém, como muitos pelo Brasil, sem os cuidados e a valorização que merece.",30,"O mangal das Garças é um parque pequeno com alguns atrativos, sendo que para cada um deles se paga um ingresso:O Museu Amazônico da Navegação - Muito bom.Manjar das Garças - Belo Restaurante 5 estrelas.Prepare o bolso. Viveiro dos Pássaros - Pássaros exóticos- dá pra chegar perto.O Farol de Belém/Torre-mirante com 47m - Interditado devido elevador estar quebrado e funcionário não permite usar escada.Armazém do Tempo - Fechado e abandonado. O Borboletário/Orquidário/Viveiro de Plantas - Não visitado.O Criatório - Não visitado.",Estado de São Paulo,Families,,5,DATE_NULL;
5069,5069,bbarretocs,Muito bonito ,50,"Muitos animais soltos,  principalmente aves e iguanas ( que os belenenses chamam de camaleão), ótimo lugar para um pic nic e também para um almoço no restaurante manjar das garças que fica em um deck dentro do parque.","São Paulo, SP",Families,,5,DATE_NULL;
5072,5072,cizalimacarioca,Natureza,50,"Nesse lugar maravilhoso rodeado de natureza, com varias atrações para as crianças e toda família, como fazer piqueniques, passear entre os pássaros, borboletas, ver a cidade e o Rio de uma torre, ir bem pertinho do rio através de uma ponte de madeira contemplando a natureza.","Brasília, DF",Families,,5,DATE_NULL;
5074,5074,deividclaudio,Lindo lugar,50,"Indico a todos e visitar o local, simplesmente maravilhoso, ótimo para fazer picniques e tirar fotos...","Guaratinguetá, SP",Families,,5,DATE_NULL;
5075,5075,Luciana C,Mangal das  Garças,50,"Imperdivel. Lugar com área ao ar livre,aonde podemos ver garças,guarás,marrecos e outros tipos de aves. Fora os passeios aonde é necessário comprar ingresso,borboletário,criatório de aves apreendidas pelo IBAMA, farol (aonde é possível visualizar a baía do Guajará e o bairro da Cidade Velha do alto).Possui quiosques com sorvetes e sucos regionais, e para quem quiser almoçar,um dos melhores restaurantes de Belém. Vale a pena conhecer!!!",,Families,,5,DATE_NULL;
5078,5078,Renata N,Imperdível!,50,O parque é maravilhoso. Com uma enorme diversidade de bichos e plantas. Uma das atrações mais interessantes de Belém. Ótimo local para retirar lindas fotos!,"Belém, PA",Families,,5,DATE_NULL;
5087,5087,Bazilio V,Um local pra ver Belém toda.,40,É um pedaço da margem da baia do Guajará de onde é possível ver toda a cidade ( de uma torre ) e ver um pouco da vegetação amazônica. Tem um borboletario interessante. Mas em menos de 1 horá é possível se ver tudo.,"Boa Vista, RR",Families,,5,DATE_NULL;
5094,5094,Andrezza C,LINDO,50,"Imperdível em Belém. Enorme quantidade de garças e outros pássaros. Tem também o borboletário, onde tem soltura de borboletas recém eclodidas.","Santos, SP",Families,,5,DATE_NULL;
5153,5153,Hernan Franz R,Excelente passeio...,40,"Um lugar muito bonito, é um passeio rápido, mas com uma bela paisagem. Achei o local bem conservado e possui um excelente restaurante. No dia que fomos estava tendo uma mostra sobre cultura indígena, bastante interessante. Valeu o passeio!","Santos, SP",Families,,5,DATE_NULL;
5171,5171,lorranapereira18,lindo lugar,50,"Ponto turístico lindo , essencial para quem quer conhecer de perto a diversidade de aves e flora da Amazônia",,Families,,5,DATE_NULL;
5195,5195,Joel M,Local maravilhoso para por do sol,50,"Excelente vista para o rio e para o por do sol. Parque com garças, guarás, borboletário, restaurante e um maravilhoso mirante de onde se vê quase toda cidade e a baia do guajará!","Belém, PA",Families,,5,DATE_NULL;
5225,5225,douglasdgg,Excelente passeio,50,Excelente passeio para quem visita Belém. Excelente para quem gosta de tranquilidade e natureza. Possui um museu e um borboletário dentro. O restaurante de lá tem preço salgado.,"Belém, PA",Families,,5,DATE_NULL;
5231,5231,Gustavo P,Lugar lindo,40,"Verdadeiro Oásis no meio da selva de pedra, as margens da baía de guajará, com santuário para diversas espécies de aves locais, Borboletário e Farol, qua atua como um mirante com belíssima vista. As crianças adora, mas levem chapéus e muito protetor solar pois a frigideira ferve nos dias ensolarados. Lugar de restaurante chiquérrimo de paladar 5 estrelas, O Manjar das garças, no almoço inigualável boufet com tudo do melhor que imaginares e a noite, Jantar a luz de velas, cheios de promessas românticas. Vale muito a pena",,Families,,5,DATE_NULL;
5263,5263,Rita de Cássia ... M,Maravilhoso,50,"O Mangal das garças é um parque ecológico que vale a pena visitar, pois pode-se observas vegetações da região e os animais nativos. A um restaurante muito bom e o farol de Belém.","Rio de Janeiro, RJ",Families,,5,DATE_NULL;
5264,5264,Ágata Maia,Ver o pôr do sol,50,"O local é lindo para um passeio com toda a família. Você pode ter contato com fauna e flora da região, um passeio econômico e cheio de aprendizado.Uma ótima opcao é assistir ao pôr do sol no Mirante, espetacular!","Santarém, PA",Families,,5,DATE_NULL;
5265,5265,paulaalho,AGRADÁVEL,50,"Local super agradável onde nos sentimos em contato com a natureza. O complexo inteiro é muito bem explorado, com borboletário e um local com passáros das mais diversas espécies, além de apresentar um mirante com uma vista linda.Após o passeio, uma ótima pedida é almoçar no restaurante do Mangal (Manjar das Garças), comida muito gostosa, na minha opinião um dos melhores restaurantes de Belém.","Belém, PA",Families,,5,DATE_NULL;
5282,5282,jean c,Cidade Maravilhosa!,50,Umas das melhores vistas da Minha cidade maravilhosa demostra muito bem que o rio é minha rua. Lugar lindo com uma grande diversidade fauna e flora e uma retrato da região amazônica.,"Fortaleza, CE",Families,,5,DATE_NULL;
5286,5286,sandrolima23,Muito agradável,50,"Passei um dia maravilhoso com minha família no Mangal das Garças. O local é um dois mais agradáveis e belos pontos turísticos de Belém. Excelente para um passeio durante o dia, admirar a natureza e depois comer no seu restaurante.",,Families,,5,DATE_NULL;
5296,5296,Marcio C,Beleza Amazônica,40,"Ponto turístico da cidade de Belém, localizado às margens do Rio Guamá, no bairro da Cidade Velha. Dentro os pontos a ser observados, estão: Um borboletário  e um aviário (você adentra neles e fica em contato com várias espécies de borboletas e pássaros), um mirante (de onde dá para contemplar toda a beleza do rio), e uma torre (antigo farol da marinha, com vista superior de todo o parque e panorâmica da cidade). Ressalta-se também a presença de um dos melhores restaurantes da cidade - o Manjar das Garças. Passagem obrigatória para quem visita Belém.","Belém, PA",Families,,5,DATE_NULL;
5299,5299,Claudiacb1,A MELHOR COISA A SE FAZER EM BELEM!,50,"Lindo, lindo lindo! A jardinagem, o restaurante o mirante do Rio, as instalações e sem dúvidas, os animais que lá habitam tão tranquilos quanto coloridos, fazem valer a visita! SEm contar, claro, com a torre que permite uma vista incrivel do Mangal e da cidade","Rio de Janeiro, RJ",Families,,5,DATE_NULL;
5301,5301,ShenaCarolina,lindo,50,"O contato com  a natureza  é  incrível, local preservado e limpo. O restaurante  é  ótimo! Vista para o Rio","Goiânia, GO",Families,,5,DATE_NULL;
5302,5302,Claudio G,Passeio obrigatório,50,"O local foi muito bem idealizado. Construído numa área que era um mangal, ainda preserva esta condição em diversos pontos. O nome ""Mangal das Garças"" se justifica porque lá se encontram garças em profusão, além de guarás, patos e outras aves.Mas não é só isso que se encontra lá. Você terá: um museu da navegação amazônica, borboletário, restaurante, loja de souvenirs, um trapiche que se estende até a beira do rio e uma torre/mirante com 47 metros de altura onde você pode observar do alto toda a região.","São Paulo, SP",Families,,5,DATE_NULL;
5305,5305,Cleide B,Parque lindo!,50,Um lugar que cheira a natureza! Com vista para a baía. Possui um borboletário onde se aprende as fases da borboleta . Há várias aves lindas como os flamingos ! Um parque maravilhoso para passear com a família !,"Miami Beach, Flórida",Families,,5,DATE_NULL;
5306,5306,Gui-Melo,Vale a pena,50,"Para quem visita a cidade de Belém pela primeira vez fica a dica para conhecer esse belo local, situado nas margens do Rio Guamá esse pequeno parque conta com um borboletário e uma torre que pode ser acessada por elevador que permiti uma ampla vista de boa parte da cidade, o local também conta com um excelente restaurante.",,Families,,5,DATE_NULL;
5308,5308,Daniel Soutinho B,Surpreendente,50,Local fantástico e surpreendente. Um lugar que não dá vontade de ir embora. Indispensável para quem visita Belém. Recomendo vasculhar cada cantinho. Vale a pena subir até o mirante. Não deixem de ir!,"Brasília, DF",Families,,5,DATE_NULL;
5309,5309,Vanna C,Tem que levar a criançada,50,"O lugar é muito bonito. Quem viaja com criança tem que ir. Algumas atrações lá são pagas. O acesso ao parque é gratuito, mas a entrada no borboletearão e no mirante são pagas. Mas dá pra passear e ver muita coisa sem pagar nada",,Families,,5,DATE_NULL;
5310,5310,Marco M,Ponto turístico obrigatório.,40,"O Mangal das Garças é outro local turístico para se conhecer em Belém, possui um bom restaurante, e um ótimo lugar para simplesmente sentar e curtir a natureza (Diversas espécies de aves).",,Families,,5,DATE_NULL;
5313,5313,FTONETO,Parque peque e moderno excelente restante ,50,"As atrações são  mirantes (torre paga) e Rio grátis,  borboletario e Aviário  (pagos) orquidario grátis. Apenas a torre vale efetivamente a visita.  O orquidario, pobre e segundo os funcionários sem flores nesta época do ano.  O mesmo em relação ao borboletario com pouca espécies.  Dá a impressão de que faltam recursos. As aves que são vistas ao ar livre , estão mais bonita que as presas .Por fim o restaurante por si só já vale a visita. Um dos melhores de Belém.",Sao Paulo,Families,,5,DATE_NULL;
5315,5315,Nayrasouza,Contato com a natureza,40,"Ótimo lugar para quem gosta de se sentir ao ar livre, com belas paisagens e vários tipos de animais soltos pelo parque.",Estado de São Paulo,Families,,5,DATE_NULL;
5321,5321,PhilipeJuliano,Belo local,40,"O local é muito bem preservado e ornamentado. Tem vários ambientes onde se pode ver pássaros, peixes, arraia, dentre outros animais. O cenário para foto é constante, tem vários pontos para excelentes fotos. O ponto negativo é que se paga o estacionamento, paga para subir no mirante, paga para entrar no espaço das aves, paga para entrar no borboletário... se paga para tudo. Era melhor colocar logo um valor de entrada principal.",,Families,,5,DATE_NULL;
5326,5326,Juliana C,Belo local para lazer,50,Local muito bonito para passear e apreciar a natureza. Alguns locais dentro do Mangal poderiam estar mais atrativos como por exemplo o orquidario que é bastante pobre em plantas.,,Families,,5,DATE_NULL;
5329,5329,Abigail_Araujo,Lugar lindo!!!,50,"O magal é um lugar lindo, com animais exóticos e um dos maiores borboletários existentes. Excelente para passear com crianças, com muitos lugares para registrar fotos.","Mossoró, RN",Families,,5,DATE_NULL;
5330,5330,Helton A,Lindo lugar,50,"excelente para dias ensolarados para dar um passeio e tirar muitas fotos, recomendado para registrar bons momentos, la tambem temos o restaurante manjar dar garças que é um fino lugar de requintado.","Belém, PA",Families,,5,DATE_NULL;
5331,5331,OswaldoQuintas,Local imperdível para quem vai à Belém,50,"Excelente e grande parque dentro da Cidade.  Local com vários atrativos, com uma vista muito linda da beira do rio e com uma torre elevada onde se tem uma bela visão da cidade.","São Paulo, SP",Families,,5,DATE_NULL;
5332,5332,Sergio G,Natureza e tranquilidade!,40,"Perfeito para passeio com a família. Lugar relaxante com natureza exuberante. A presença de dezenas de garças, flamingos e outras aves além de iguanas  deixam o visitante extasiado. O borbolelário é bacana para crianças pequenas que curtem borboletas voando pelas suas mãos e cabeças, mas o preço de R$5 por adulto é um pouco injusto para o que o borboletário oferece.",,Families,,5,DATE_NULL;
5336,5336,Jerry F,Experiência única,30,"Local agradável aves muito bonitas em um lago , possui a possibilidade de uma vista da cidade por uma torre com elevador .",,Families,,5,DATE_NULL;
5339,5339,Ricardo F,Passeio,30,"Local conta, com exposição de animais nativos da região : garças obviamente, iguanas, alguns pássaros , borboletário, tartarugas, conta com um farol onde consegue se ver parte da cidade velha.Restaurante de comidas típicas com preco não muito acessível","Farroupilha, RS",Families,,5,DATE_NULL;
5344,5344,KeithMorata,Exótica!!,50,"Muito bonito, bem cuidado, cheio de animais.Logo que cheguei percebi muitas iguanas soltas e tranquilas, não tenham medo.Também muitas garças, guarás, flamingos e uns patinhos.vale conhecer o Borboletário, bonitinho.Vale conhecer o mirante, maravilhoso!!Vale o passeio.","Rio de Janeiro, RJ",Families,,5,DATE_NULL;
5348,5348,Patricia C,Belo parque ,50,"Tem uma bela vista para a baía do Guajara,  conta com parque botânico e animal.  Tem um belo borboletario, muitas tartarugas e  aves... Um belo visual pode ser visto do alto da torre com elevador. Além de um restaurante maravilhoso!!","Ananindeua, PA",Families,,5,DATE_NULL;
5349,5349,Raimundo Nonato S,Vale a visita,30,"Poderia ser melhor explorado. Um grande parque natural que, pra quem busca ter contato com a natureza, ainda deixa muito a desejar. Limitadas atrações e nenhuma com grandes emoções. Borboletário seria a única atração diferente e que valeria a pena.","Mongaguá, SP",Families,,5,DATE_NULL;
5351,5351,Tamires M,Bonito,30,Fui na terça feira e o ingresso é gratis nesse dia. Só que as atrações que se paga para ver como o borboletario ficam fechados e nem se quiser pagar pode ver. É bom pra tirar fotos porque é um local bonito,,Families,,5,DATE_NULL;
5354,5354,Letícia O,Natureza,40,"Lugar maravilhoso pra quem gosta de natureza, tem uma vista maravilhosa pra cidade de Belém e para o rio também. Meu lugar favorito do mangal é sem dúvidas  borboletário.","Macapá, AP",Families,,5,DATE_NULL;
5365,5365,Antony-unico,ótimo para passeio,50,"bom para visita, quem gosta da natureza então melhor ainda. mas ra almoçar indico pegarr um taxi e em 5 minutos almoçe no pátio belem, pois no mangal é carísssimo.","Mosqueiro, PA",Families,,5,DATE_NULL;
5518,5518,paulina s,não deixe de visitar!,50,"o Mangal é maravilhoso, dê preferência ao horário da manhã, pois logo que é aberto alimentam alguns dos animais, momento em que é possível vê-los em grande concentração! A alimentação das garças é uma das coisas mais lindas! Local formidável! A vista do mirante é maravilhosa!","São Paulo, SP",Families,,5,DATE_NULL;
5552,5552,Elisa B,Lugar Bucólico,40,"É um lugar bem relaxante, onde a bela natureza e os animais vivem em perfeita harmonia. Vale a pena visitar...","Vitória, Espirito Santo, Brazil",Families,,5,DATE_NULL;
5567,5567,SheilaBord,Passeio legal,40,"O lugar é lindo, ótimo pra passear com crianças, mas o restaurante é bem caro.Prefira ir pela manhã, pois às tardes costuma chover sempre em Belém.","Valência, Espanha",Families,,5,DATE_NULL;
5578,5578,luzia g,VALE O PASSEIO,40,"O restaurante é muito bom, e o lugar bastante agradavel, tem um museu pago que não vale a pena pagar, alias da pra ver de fora, foi o que fiz, o borboletario é muito bacana, e a ponte que leva o rio garante boas fotos . Vale a visita","São Paulo, SP",Families,,5,DATE_NULL;
5579,5579,Natalia F,Muito agradável,50,"Os passeios oferecidos pelo Mangal são muito agradáveis, recomendo a visita a todos eles. Leve uma sombrinha, pois a caminhada entre as atrações é feita ao ar livre e o sol não perdoa.","São Paulo, SP",Families,,5,DATE_NULL;
5580,5580,ronaldo a,fantastico,50,"E sem duvida o melhor ponto turistico de belem. Centenas de aves(garças, guaras, patos, etc...) e iguanas , todos soltos em meio a lagos e passarelas muito bem conservados,um deck de observaçao do rio e um restaurante excelente. O parque conta ainda com algumas lanchonetes, e tres areas de visitaçao pagas (dois viveiros e um museu).","Niterói, RJ",Families,,5,DATE_NULL;
5582,5582,Francisco Velasquez,Lindo !,50,"Lugar belo. Vale passar muitas horas no local. O restaurante é caro, porém vale a visita. O cartão postal da natureza amazônica na cidade fica no mangal. Flora e Fauna ao alcance das suas mãos. Vale a visita !","Rio de Janeiro, RJ",Families,,5,DATE_NULL;
5583,5583,Sylvino N,Lindo local,50,"Muito agradável e com uma natureza riquíssima. Rende belas fotos, principalmente do mirante, em que é possível apreciar a bela vista da cidade e da baía.","Belem, Brazil",Families,,5,DATE_NULL;
5584,5584,lianemmelo,Restaurante sofisticado à beira do Rio,40,"Restaurante refinado à beira da Baía, estilo rústico, com vasta vegetação nativa ao redor que fica dentro do Complexo denominado ""Mangal das Garças"" parque no qual pode se contemplar espécimes da fauna e sobretudo da flora amazônica. O restaurante dispõe de um cardápio variado, do qual se destaca a culinária regional. Serviço de Buffet no almoço maravilhoso. Passeio imperdível p quem quer conhecer essa região.",,Families,,5,DATE_NULL;
5588,5588,Marcos A,Pássaros,50,Um parque moderno e com uma grande variedade botânica. As aves são um outro espetáculo muito além das garças. Perto do restaurante tem um mezanino com uma ótima vista para o Rio e também um belo lugar para acompanhar o por do sol.,"Mãe do Rio, PA",Families,,5,DATE_NULL;
5596,5596,Suzane F,Vale a pena conhecer,50,"O parque não tem um acesso tão facil, mas caso você resolva ir de onibus, existem alguns que passam bem proximo ao local. É um ambiente bem natural com varios lagos, uma área de mangue, borboletário, um mirante  de onde é possivel observar o rio guamá e outro pontos turistico como o Mormaço. Proximo do Mangal também tem o Portal, um outro ponto que também vale a pena conhecer.","Imperatriz, MA",Families,,5,DATE_NULL;
5608,5608,Karla D,Lugar lindo!,50,"Local superagradável para passeio romântico ou familiar... tem um restaurante maravilhoso com vista para o rio.. animais passeando próximo aos visitantes como garças, guarás e flamingos.. muito lindo!!Para quem gosta de borboletas, há um borboletário grande com as mais variadas espécies!Para quem não tem medo de alturas, você pode contemplar toda essa beleza do alto do farol.Recomendo a visitaPara entrar no Mangal não precisa pagar, mas algumas atraçoes sim, já dento do Mangal:Reserva José Márcio Ayres (Borboletário) - R$ 5,00Farol de Belém - R$ 5,00 Viveiro das Aningas - R$ 5Memorial da Navegação da Amazônia - R$ 5Passaporte (preço único para todos os espaços) - R$ 15Estacionamento Privativo com 107 vagas R$ 3as duas primeiras horas ou fração R$ 3 a partir da terceira hora ou fração Ticket perdido R$20,00.As terças-feiras a visitação do Memorial Amazônico da Navegação é gratuita.","Castanhal Grande, Para, Brazil",Families,,5,DATE_NULL;
5612,5612,André I.,"Belíssimo lugar, o melhor ponto turístico da cidade.",40,"Uma certeza.. Quem vai a Belém, tem de conhecer o Mangal. É o melhor e mais bonito ponto turístico da capital paraense. Local com uma história linda, que nos ensina muito da cultura do Estado, bem como as outras dependências, um dos melhores restaurantes da cidade se encontra no complexo do Mangal. Outra experiência fascinante que o local oferece é o ""borboletário"".","Teresina, PI",Families,,5,DATE_NULL;
5616,5616,Bruno E,Lindo lugar para contemplar a natureza!,50,"Lindo lugar para contemplar a natureza!Vale a pena visitar o Mangal das Garças um dos Cartões Postais da Cidade, o lugar é lindo, você pode entrar dentro de locais para contemplar melhor a natureza mediante o pagamento de ingresso, você pode entrar em locais como Borboletários e ver de perto borboletas nativas e Beija-flores.",Estado de São Paulo,Families,,5,DATE_NULL;
5621,5621,Elys B,Passeio legal,40,"Passeio muito legal para quem curte conhecer mais Belém! Esse lugar é ponto obrigatório pra turista, muito bonito, organizado e limpo!","Belém, Para, Brazil",Families,,5,DATE_NULL;
5675,5675,Reginaldo L,Passeio ecológico excelente,50,"O mangal das garças é um paraíso ecológico e ambiental, onde as garças em grande número, existem, e na hora da alimentaçao delas, da torre, é um cenário maravilhoso.","Vitória, ES",Families,,5,DATE_NULL;
5685,5685,Eliane A,Lindo Lugar,50,"Passear, tirar fotos, almoçar ou jantar no Mangal é uma ótima pedida para quem mora por aqui ou está a passeio. Veja a natureza de perto e desfrute da beleza natural que o lugar oferece. Vale á pena conhecer. Tem estacionamento no local.","Belém, PA",Families,,5,DATE_NULL;
5703,5703,KLNReis,Lindo!,40,"Um dos pontos turísticos mais lindos de Belém. Acho longe e de difícil acesso, mas vale a pena a ida. A entrada é gratuita, mas os espaços internos são pagos, como o mirante, de onde é possível ver parte da cidade e do Rio Guamá, e o borboletário.","Florianópolis, SC",Families,,5,DATE_NULL;
5732,5732,Marcelo K,Você vai adorar!!,50,"Um passeio agradavel em meio a natureza. Você vai encontrar iguanas, flamingos e vai se encantar com o borboletario. Um excelente lugar para um passeio com as crianças.","Vinhedo, SP",Families,,5,DATE_NULL;
5756,5756,Marcus A,Um parque fantástico,50,O Mangal das Garças é simplesmente sensacional. Consegue mostrar uma Amazônia que muita das vezes o brasileiro desconhece. É a oportunidade para você se aproximar desta encantadora região do Brasil.,"Belém, PA",Families,,5,DATE_NULL;
5758,5758,Amorim J,A Beira do Rio Guama,50,"Aqui você encontra um ambiente agradabilíssimo com comida de primeira um lindo borboletario, e um visual de tirar o folego.","Belém, PA",Families,,5,DATE_NULL;
5773,5773,MIKA22_13,Um show de ecologia e interação do visitante com a natureza,50,"Imperdível! Um excelente lugar para apreciar a natureza, interagindo com os pássaros raros, típicos do ambiente amazônicos, desfrutar de belos jardins entre borboletas e beija-flores; além de degustar de comidas típicas e sucos de frutas nativas da Amazônia. Possui um elevador panorâmico que leva o turista a um topo de um mirante, de onde se pode ver o rio e a cidade de Belém. Um bom lugar para estar com a pessoa amada ou em família.","Boa Vista, RR",Families,,5,DATE_NULL;
5775,5775,Manauara,Lindo local,50,"Com grande variedade de pássaros, o local é bem organizado e limpo, além de muito bonito. As crianças adoram!","Florianópolis, SC",Families,,5,DATE_NULL;
5781,5781,Noronha B,Linda vista,40,"Local agradável, com um lindo borboletario, restaurante aconhegante com caracteristicas  bem locais e comidas típicas ( o preço é um pouco salgado) espaço amplo bom para tirar fotos de recordação, o único ponto negativo é a dificuldade do transporte público , que é bem pouco. Mas para que vai de carro ou táxi vale a pena conhecer.","Palmas, Tocantins, Brazil",Families,,5,DATE_NULL;
5785,5785,barbosa2013,nem parecer belem,50,muito organizado muito limpo bom restaurante reserve um periodo da manha ou periodo da tarde pois o lugar é bonito principalmente o borboletario,"Juiz de Fora, MG",Families,,5,DATE_NULL;
5789,5789,paula a,Lindíssimo,50,Muito legal para ir com crianças. O espaçõ é muito bem cuidado e vale muito a pena parar para o almoço do restaurante que fica dentro do mangal.,"Brasília, DF",Families,,5,DATE_NULL;
5797,5797,Rosielle2013,Lugar Encantador,50,"Um excelente lugar para passear, e relaxar diante de uma linda e encantadora paissagem, nesse local é possível ver vários animais livres em especial garças. Nesse mesmo espaço tem um restaurante e uma lanchonete. O estacionamento é privado.","Colônia, Alemanha",Families,,5,DATE_NULL;
5833,5833,Luana A,natureza,50,"É um verdadeiro refúgio de paz dentro da agitação da cidade. Acho que poderia ter uma lojinha de artesanato dentro. Tem museu, borboletário, restaurante muito chique.","Fortaleza, CE",Families,,5,DATE_NULL;
5834,5834,Sousa_Neiva,"Pedacinho da Amazônia, um lugar encantado!",50,"Esse parque é um lugar ENCANTADO! Você tem a experiência incrível de entrar em contato com a vegetação e fauna amazônica. Nos caminhos você se depara com garças, guarás vermelhos, patinhos, dentre outros animais. Também há o borboletário, em que belíssimas borboletas ficam soltas e pousam livremente nas pessoas... É magico! Subindo no farol, você pode desfrutar de uma vista privilegiada do rio e da cidade de Belém, e de um espetacular pôr do sol. Perfeito passeio para a família e até mesmo para um encontro romântico. É simplesmente imperdível!!!","Belém, PA",Families,,5,DATE_NULL;
5858,5858,pedroeol,Lugar espetacular!,50,"O Mangal das Garças traduz o que o Pará possui de melhor.Do mirante é possível ver boa parte de Belém e uma natureza belíssima.Além de tudo, possui um restaurante de primeiríssima qualidade.É o local a ser visitado em Belém.","Tucuruí, PA",Families,,5,DATE_NULL;
5883,5883,Karolina C,Bonito,40,"é um local bastante interessante para visitar, porém nada tão espetácular a ponto de a entrada em vários setores do Mangal ser pago a parte, como por exemplo o borboletário.O restaurante é diversificado e possui boas opções de comida. Além de contar com uma área climatizada o que é muito importante pois o local é bastante quente!Possui uma pequena doca para apreciar o rio, muito bonito.","Belém, PA",Families,,5,DATE_NULL;
5887,5887,MRMLIMA,Paraíso das Garças,40,A natureza exuberante remete a um ambiente de reflexão e admiração. Exemplares da floresta amazônica e o refúgio das garças são observados em todo o parque. Percebi sinais de sugeira e falta de conservação em alguns pontos. A vista da torre é fantástica e vale a subida.,"Serra Talhada, PE",Families,,5,DATE_NULL;
5896,5896,RCOLIVEIRA,Lindo,40,"Visitar as garças é muito legal, existe lá um mirante com vista linda para o rio, tem um borboletário e orquidário muito legal, uma torre que subimos de elevador e tem uma linda visão.","Salvador, BA",Families,,5,DATE_NULL;
5928,5928,Mayra Abreu,Lindo,50,"Espaço muito bonito e muito bem preservado Graças de cores e tamanhos variados,  Jardins lindos e um deck no Rio muito aconchegante","Salvador, BA",Couples,,5,DATE_NULL;
5949,5949,Euvaldo L,Passeio turístico,40,"Localização ótimo e de fácil acesso.Muito bonito, mas deixa a desejar quanto a sua manutenção.Muito lixo no mangue e locais fechados para obras.Preços altos.É imprescindível visitar e conhecer.",,Couples,,5,DATE_NULL;
5950,5950,Jéssica Arruda,Lindo passeio,50,"Local lindíssimo, eu diria que imperdível na cidade. Vale checar a programação pra pegar o momento da alimentação das garças, uma cena única! A entrada no parque é gratuita, você só paga se quiser acessar algumas áreas exclusivas. Como era nossa primeira vez pegamos o passaporte completo (15 reais) que nos permitia ir a todos os locais exclusivos. Meus favoritos foram o borboletario e o Mirante da cidade. Por fim almoçamos no Manjar das Garças, que fica dentro do parque e fechou o passeio com chave de ouro. Uma pena que a lojinha tenha fechado, senti falta de trazer uma lembrancinha do local.",,Couples,,5,DATE_NULL;
5951,5951,Viviane G,Descaso,10,"Estivemos está noite no Mangal das Garças. O restaurante estava aberto e vazio. Chegamos logo na sequência de um casal que foram atendidos prontamente e nós ficamos por lá mais ou menos 20 minutos sem atenção de nenhum garçom. O local durante a noite não é atrativo, não se avista nada das janelas, apenas um breu. Não gostei desta experiência.",,Couples,,5,DATE_NULL;
5952,5952,Nabil O,Pequeno paraiso..little paradise,50,"Parque delicioso com restaurante de bom nível com comidas típicas do Para e outras variações pra quem não gostou da comida regional.Visual incrível de Belém a partir do farol, e muitas atrações a preços acessíveis.Um passeio pra passar o dia em paz em meio a um oásis próximo ao centro de Belém.","Belém, PA",Couples,,5,DATE_NULL;
5954,5954,Amandasgwerner,Lindo!,50,"O parque é cheio de Garças, flamingos e tem até um Tuiuiú, que é o maior pássaro brasileiro. Vale super a pena!","Vila Velha, ES",Couples,,5,DATE_NULL;
5991,5991,cristianne_fidelis,Lindo!,50,Que ligo lindo. As garças livres e pomposas passeando no meio do parque é de impressionar. Encontramos também lagartos e tartarugas. Lá tem um borboletário e um mirante com uma vista deslumbrante. Vale a pena a visita!,,Couples,,5,DATE_NULL;
5993,5993,errada,"Lugar lindo, muitos animais",50,"O parque é muito bonito e bem cuidado, com várias áreas diferentes e contato direto com os animais. Caminhamos entre lagartos enormes e muitas garças, que passeavam e se alimentavam tranquilamente no espaço. Vale a visita.","Manaus, AM",Couples,,5,DATE_NULL;
5996,5996,Juarez S,O melhor de Belém ,50,"Foi o lugar mais bem cuidado que fui em Belém, muito lindo, valeu muito a pena, o mirante dá uma visão maravilhosa!",,Couples,,5,DATE_NULL;
5997,5997,Lucileia C,Sensacional,50,"Este lugar me surpreendeu, é um lugar bem cuidado tem animais lindos e de beleza surreal. Lá tem camaleões, muitos deles e eles andam pelo parque a vontade e não se assustam com a nossa presença. O deck que fica em frente ao Rio é maravilhoso. Lugar esplêndido muito lindo. Fantástico!!","Armação dos Búzios, RJ",Couples,,5,DATE_NULL;
6065,6065,Leonardo G,"Muito bom, recomendo!",40,"O Parque é muito bonito. É relativamente bem cuidado, natureza exuberante incluindo fauna e flora, local pitoresco. Boa estrutura com restaurante, banheiros, estacionamento e segurança. Recomendo!",,Couples,,5,DATE_NULL;
6068,6068,Frederico Coutinho,Lindo parque as margem da baía do Guajará,50,"O parque é lindo e possuí uma boa estrutura para os visitantes.  Os guarás e garças ficam soltos pelo ambiente do parque,  além de outras aves aquáticas.  No fim de tarde a há uma revoada dos pássaros quando estes são alimentados pelos funcionários. Há um borboletario cuja entrada é cobrada a parte (mas é baratinho). Há ainda um restaurante e alguns quiosques de lanches.","Curitiba, PR",Couples,,5,DATE_NULL;
6070,6070,Ana C,Bacana,40,"O lugar é um bonito, vale a pena a visita. É um parque com muitas aves e uma vista interessante e bela da baía do Guamá e das ilhas à frente. Vale subir no mirante e apreciar a paisagem. Não tem custo para entrar no Mangal, mas para acessar algumas áreas, sim. Você pode pagar $15 no passaporte e visitar dentro do parque esses 4 espaços ou pagar $5 individualmente. Eu só quis subir no mirante, achei que os outros não valiam a pena (museu náutico, orquidário e viveiro). Como na maioria dos pontos turísticos de Belém, acho que falta um cuidado maior com o lugar. Não tem muitas placas informativas dentro do parque e algumas delas estão muito velhas e feias. Não fui no restaurante. Tem estacionamento ($20) e banheiro. Dá para visitar o parque todo em 1 hora.",,Couples,,5,DATE_NULL;
6072,6072,Ireneiwakura,pequeno e fácil de visitar,40,"possui borboletario, torre mirante (estava fechada), restaurante, lagos com garças e outros pássaros.Jardim bem urbanizado e bem cuidado.","Itapira, SP",Couples,,5,DATE_NULL;
6126,6126,Bea S,É um parque agradável.,40,"O parque é bastante agradável e tranqüilo, onde também podemos ver alguns animais, e a vista do mirante é muito bonita. Contudo, acho que está precisando de melhor manutenção na estrutura e nos espaços para os animais. Os lagos, por exemplo, estavam com sujeira acumulada na superfície da água. Tem uma pequena exposição de artesanato indígena em um dos espaços internos, o que achei interessante. A entrada é gratuita, mas, para algumas atividades internas, como subir ao mirante, paga-se uma pequena taxa.",,Couples,,5,DATE_NULL;
6137,6137,Liliane_C_Silva,"Muito bom, mas vá cedinho",50,"O parque é lindo. Tem um pouco de tudo que quem visita o Pará deve ver: belas paisagens entrecortadas pelo rio, belos pássaros e boa comida. Mas como é aberto, vá cedinho por causa do sol.","Belém, PA",Couples,,5,DATE_NULL;
6175,6175,Priscila Inocencio,Maravilha de Natureza Paraense !,50,"Considero como o local mais lindo que conheci nessa viagem!  Muitas atrações,  atividades, exposições, restaurante, natureza e animais magníficos !!! Não pode se deixar esse local sem conhecer! !! Ameiiii.","Sorocaba, SP",Couples,,5,DATE_NULL;
6191,6191,Rodrigo B,Lugar lindo,50,"Lugar esplêndido, perto da baía do Guajará e um excelente local para almoçar para quem queira provar uma culinária exótica.",,Couples,,5,DATE_NULL;
6205,6205,Lenilson Albuquerque,Restaurante excelente,40,A pedida certa para quem quer experimentar vários pratos em uma única refeição é o almoço no Manjar.O cenário do mangal é lindo e completa com excelência a comida do local.Recomendo,,Couples,,5,DATE_NULL;
6227,6227,almircarvalho88,ótimo passeio cultural e cheio de belezas naturais.,50,Fomos nesse ponto turistico fazer uma visita. Muito bonito com belezas naturais e ricas da nossa região,"Belém, PA",Couples,,5,DATE_NULL;
6235,6235,deboraraimundi,Passeio rápido,30,"No dia que fui ao Mangal estava fazendo muito calor e um sol muito forte, o que é normal em Belém porém tornou a visita ao Mangal desagradável. Há uma extensa área verde, com pássaros, lagos e trilhas a serem percorridos que são interessantes para casais e familias porém em horários de sol mais ameno....achei abusivo o valor que é cobrado para entrar em cada ""atração"" - 5,00 reais o orquidário que não tinha nenhuma orquídea e é muito pequeno! Para mim o melhor do local é o restaurante Manjar das Garças que é imperdível.",,Couples,,5,DATE_NULL;
6237,6237,Washingthon E,Muita Natureza,50,Bom ver as garças voando e vivendo livremente na natureza. Ambiente um pouco úmido e refrescante. Muito verde.,Estado do Rio de Janeiro,Couples,,5,DATE_NULL;
6240,6240,Vinícius Dantas,Belo parque no coração de Belém,40,"Um bom passeio pra quem gosta de natureza, contemplar belíssimos e raros animais, conhecer a história da navegação da região e tirar belas fotos. Recomendo a visita!",,Couples,,5,DATE_NULL;
6244,6244,Karoline L,Amei esse lugar.,50,"Lugar encantador. ótima pedida para quem é amante da natureza. VocÊ pode apreciar várias Garças, lagos e curtir o próprio ambiente.","Natal, RN",Couples,,5,DATE_NULL;
6245,6245,crmigliati,Surpreendente,50,"Um antigo manguezal que foi aterrado e mantendo uma área de preservação ambiental, criou um multi-espaço. Totalmente estruturado com estacionamento, banheiro e conservado completamente.Há muitas opções e não apenas garças, como o nome diz! Há orquidário, mirante, elevador, loja de produtos de uma tribo indígena, restaurante, espaços para convivência. Há também viveiros gigantes em que é possível interagir com pequenos animais. Imperdível para quem visita Belém do Pará.","São Carlos, SP",Couples,,5,DATE_NULL;
6248,6248,Marcio L,Belíssimo!,50,Cercado de inúmeras belas estruturas de viveiros e animais que prende a atenção de todos.Magnífico e tranqüilo lugar!A visita é super requisitada!!!,"Balneário Camboriú, SC",Couples,,5,DATE_NULL;
6249,6249,Angela Maria G,Imperdível,50,"É impossível ir a Belém e não conhecer essa atração. Lugar lindo onde tem-se contato direto com a natureza, tem muitas aves, tem um borboletário é uma torre onde do alto se tem uma bela vista da cidade.","Fortaleza, CE",Couples,,5,DATE_NULL;
6250,6250,Marcos F,Lugar exuberante ,50,"Simplesmente um dos lugares mais charmosa e lindos para se visitar em Belém do Pará. O Mangal das Garças pode ser considerado a Punta Cana paraense, hoje apresenta em seu ápice uma vista maravilhosa para a Baía do Guajará, que lembra muito bem as paisagens paradisíacas de Punta Cana. Ao invés dos mares temos o rio",,Couples,,5,DATE_NULL;
6252,6252,Claufurmendo,Um Monumento à Natureza num Pedaço de Mangue,50,"O Mangal (Mangue) das Garças é visita obrigatória e imperdível para os visitantes de Belém. Trata-se de um parque ecológico erguido em área semi-aterrada de mangue, comum jardim incrivelmente desenhado, que abriga espécies exóticas da amazônia em seu borboletário, lagos artificial. As vistas da sua torre e do trapiche são os seu pontos altos, juntamente com restaurante Manjar das Garças.","Belém, PA",Couples,,5,DATE_NULL;
6253,6253,LBCavalheiro,Março 2016,50,"Lindo lugar, belíssima paisagem, local bem organizado e funcional, com mirante e trapiche, mostra um pouco da fauna local.","Novo Hamburgo, RS",Couples,,5,DATE_NULL;
6254,6254,s_bighead,Uma amostra da amazônia dentro da cidade,50,"Lugar muito bem conservado, limpo e seguro. Tem um mirante que é possível observar bastante do alto, não deixe de visitá-lo. Muitas aves e plantas nativas em uma natureza espetacular! lugar muito bacana pra passear num final de semana.","Brasília, DF",Couples,,5,DATE_NULL;
6255,6255,caio m,Melhor local,50,Melhor local em Belém.Espaço muito organizado e gratuito.Para quem gosta de tirar fotos não pode perder esse local.,"Rio de Janeiro, RJ",Couples,,5,DATE_NULL;
6258,6258,Adriano C,Sensacional,50,"Lugar muito bonito. Os animais ficam soltos chegando bem perto da gente. Aproveitem para ir na torre, no borboletario e no viveiro. Esses lugares cobram 5 reais por entrada nesses lugares, mas vale muuuuuuuito a pena. Peçam explicações aos funcionários sobre os animais e outras dúvidas, pois são muito solícitos. Aahhh...não esqueçamde tomar um sorvete de açai com tapioca para aliviar o calor.","Natal, RN",Couples,,5,DATE_NULL;
6259,6259,Renan Menezes,Animais tão próximo que dá para tocar,50,"Um local amplo, com diversos animais garças, araras, iguanas, lagartos, patos e entre outros. Local para almoçar, Farol de Belém e um Deck com vista para rio, ótimo para caminhar e tomar um sorvete.","Guarulhos, SP",Couples,,5,DATE_NULL;
6260,6260,Juliana Re,Uma surpresa!,50,"Nem tinha ouvido falar desse lugar e acabamos passando por lá! Que surpresa maravilhosa! Você não precisa pagar nada para visitar e tem um restaurante com uma vista incrível por lá (pratos por R$ 70/80 etc), tem tipo um deck maravilhoso, mas o mais legal são os animais! Mal pude acreditar no que via!","Porto, Portugal",Couples,,5,DATE_NULL;
6261,6261,DVS,Bom passeio almoco e jantar,40,"Além do contato com a natureza e passeio gostoso, la vc conta com um bom bifê (sempre lotado) e no jantar o restaurante é a la carte com excelentes pratos, recomendo na carta de vinhos um chileno Tarapaca gran reserva carmenere 2012, despretencioso e agradavel.","Panama City Beach, Flórida",Couples,,5,DATE_NULL;
6263,6263,Danielle M,Incrível!,50,"Excelente lugar para apreciar um excelente comida no restaurante local assim como uma bela paisagem do Rio, além do borboletário e da torre.","Brasília, DF",Couples,,5,DATE_NULL;
6343,6343,Igorsnobre,Parque belíssimo!,40,"O Mangal das Garças é um verdadeiro zoológico ao ar livre. Você vai se assustar com a quantidade de aves de várias espécies, tartarugas e vai se assustar com as várias iguanas. O mirante é bastante bonito.","Florianópolis, SC",Couples,,5,DATE_NULL;
6378,6378,Karlamed,Lugar para se conhecer em Belém,50,"Lugar agradável, em contato constante com a natureza. Ótimo para um passeio agradável com família e amigos. Certeza de garantir registros lindos. Além disso conta com restaurante (Manjar das Garças) com uma variedade de pratos da culinária paraense (você paga um valor fixo e serve a vontade). Para se refrescar do calor de Belém também tem uma sorveteria cairú com os melhores sorvetes de Belém. Parada obrigatória para quem vem conhecer a capital paraense.","Fortaleza, CE",Couples,,5,DATE_NULL;
6390,6390,Mariana K,"Maravilhoso, vale a pena!",50,"O Parque Naturalístico Mangal das Garças foi criado pelo Governo do Pará em 2005 e é o resultado da revitalização de uma área de cerca de 40.000 metros quadrados às margens do Rio Guamá.Na agradável área verde, à beira do Rio Guamá, dezenas de garças e guarás circulam soltos pelo parque, pertinho dos visitantes. Quatro outras atrações fazem parte da estrutura: um borboletário, um viveiro de pássaros, o Farol de Belém (mirante de 47 m com boa vista da cidade) e o Memorial Amazônico da Navegação (com antigas embarcações). Há, ainda, quiosques de alimentação e o restaurante Manjar das Garças.De terça-feira a domingo, das 9h às 18hVale a pena assistir o por do sol lá. Ver a imensidão de rio, que mais parece mar, e a floresta, trazem uma paz inesquecível!","São José dos Campos, SP",Couples,,5,DATE_NULL;
6399,6399,Lucas B,Agradável!,40,"É um parque com 4 atraçoes: farol, borboletario, uma caminhada em meio as aningas e um museu de navegaçao! A vista do farol é incrivel! Bem organizado!",Nova Lima,Couples,,5,DATE_NULL;
6403,6403,Michelle K,Lugar lindo e tranquilo ,50,"Garças, flamingos, patos e biodiversidade amazônica na orla de Belém. Vale a pena visitar o borboletario. Restaurante excelente..almoçamos após o passeio.","Belém, PA",Couples,,5,DATE_NULL;
6406,6406,cdcarva,Lugar lindo,40,"O lugar é muito bonito, vários animais típicos. Uma pena não poder subir na torre. Dizem que o restaurante é bom, mas não experimentei.","Rio de Janeiro, Brasil",Couples,,5,DATE_NULL;
6407,6407,Rosana M,Um por do sol incrível.,40,"Um parque muito bem cuidado, com espécies regionais de aves, vegetação típica, um belo orquidário, um borboletário, mas o que impressiona mesmo é o mirante para o rio, de onde se observa um lindo por do sol e a revoada de garças.","São Paulo, SP",Couples,,5,DATE_NULL;
6418,6418,susuperes,Mangal das garças,50,Ótimo local para se conhecer com opções e preços acessíveis. Possui um borboletario lindo e um mirante incrível aonde do alto é possivel visualizar grande parte da cidade.,"São Paulo, SP",Couples,,5,DATE_NULL;
6426,6426,Monique O,lindo,50,"Um dos melhores lugares para conhecer em Belém...Tranquilo, lindo, com atrações, um restaurante maravilhoso, com comidas divinas e super diferentes!!Uma vista linda do rIo, uma maloquinha linda para fotos.QUem ainda não foi não perca.","Brasília, DF",Couples,,5,DATE_NULL;
6449,6449,JamersonSales,Paisagem sem igual!,40,"Ambiente muito romântico e belo, principalmente no pôr do sol no mirante ou na torre panorâmica. Um restaurante no estilo rústico, com comidas regionais deliciosas. Tem alguns animais soltos, como: garças, tartarugas, iguanas e tem uma diversidade de espécies de borboletas no borboletário. Vale apena visitar.","Belém, PA",Couples,,5,DATE_NULL;
6451,6451,regisqueiroz,Interssante,40,"Passeio interessante, um belo parque que vale a visita, especialmente numa tarde sol. Va ate o borboletário, uma experiência diferente.",São Paulo,Couples,,5,DATE_NULL;
6456,6456,Emanuelle L,Ecologicamente lindo,40,"É um local encantador para quem quer estar em contato com a natureza, para ir sozinho com amigos ou em casal. Para acessar alguns ambientes dentro do Mangal é necessário pagar entrada, nada muito caro. Fica bem no centro da cidade e é de fácil acesso.O ponto negativo é a escassez de locais para comprar refeições e lanches dentro. Só vi uma lanchonete e as opções deixavam muito a desejar.No mais, recomendo muito!","Montes Claros, MG",Couples,,5,DATE_NULL;
6459,6459,Vladia,Lugar lindo!,50,"Amei este lugar! Muito verde, muitos passaros e um mirante para ver a vista. O horario de alimentar as garças é um espetáculo a parte. Não percam!",,Couples,,5,DATE_NULL;
6491,6491,Bernardo N,paz,40,"De fato é um local muito tranquilo, o borboletario e as garças sãomuito interessantes sem contar a vista que se tem da cidade na torre.","São Caetano do Sul, SP",Couples,,5,DATE_NULL;
6497,6497,MuriloDeolino,Cenário incrível,50,"O mangal das garças é um lugar incrível, a área verde mais bonita de Belém. Ao andar pelo mangal encontramos garças, guarás, marrecos, lagartos, tartarugas, animais livres. A vista do mirante é muito bonita, o borboletário (R$ 4) e a torre (R$ 4) valem muito a pena visitar.","Salvador, BA",Couples,,5,DATE_NULL;
6498,6498,Luciana E,um recanto da natureza,40,"muito legal, lá tem vários espaços para serem visitados, porém todos pagos, borboletário é divino e magnifico, as aves todas mansas, se aproximam das pessoas, museu da navegação, e a torre com elevador, onde não tivemos a oportunidade de apreciar a bela vista panorâmica da cidade pois estava parada por problema de ordem técnica. Não deixe de almoçar no restaurante, serve pratos divino, porem não é barato.","Fortaleza, CE",Couples,,5,DATE_NULL;
6502,6502,Aryanesantiago,Lindo,50,Continua sendo um dos pontos turísticos mais lindos de Belém. Perfeito pra bater fotos lindas. Adoro o mangal das garças.,"São José, SC",Couples,,5,DATE_NULL;
6503,6503,Loresales,O lugar mais bonito da cidade,50,"Se você for à Belém e não visitar o Magal das Garças não valeu a pena. É o lugar mais bonito da cidade na minha opinião, tem animais soltos,aves lindíssimas voando, peixes, tem um borboletário com diferentes espécies de borboletas que pousam na sua mão. A área é muito bem cuidada, é uma área verde incrível.Tem um mirante voltado para o rio que tem uma vista muito legal, além da torre para subir.Também tem restaurantes lá dentro, lanchonetes... Não é cobrada taxa para visitar, só é cobrada taxa para visitar os espaços como borboletário, museu, torre...","Salvador, BA",Couples,,5,DATE_NULL;
6504,6504,TeresaAlmeida2014,Contato com a natureza,50,"Um excelente local para ser visitado. Borboletário, orquidários , garças ,iguanas, tartarugas e patos soltos pelo parque. Lanchonetes e restaurante muito bons e um ambiente de mata que transmite uma energia muito positiva. Uma atração imperdível para Belém.","Lorena, SP",Couples,,5,DATE_NULL;
6505,6505,lucia-paulo,Área verde maravilhosa,50,"Apesar de durante nossa visita começar a chover, o Mangal é muito bonito, principalmente a vista do mirante onde é possível ver a baia do Guajará.","São Paulo, SP",Couples,,5,DATE_NULL;
6510,6510,Patricidnp,Vale a pena visitar!!!,40,"Lugar bem cuidado e seguro. Belas paisagens que renderão fotos interessantes, sejam com as garças, com as orquídeas ou no borboletário. Um parque ecológico a beira do rio que vale a pena visitar.","Rio de Janeiro, RJ",Couples,,5,DATE_NULL;
6511,6511,Luis S,Mangal,50,"O lugar é Show!!!! Tem um restaurante, o Manjar das Garças, que na minha opinião é talvez o melhor restaurante de Belém. O lugar é lindo e de natureza exuberante. Tem um borboletário muito maneiro, mas achei o Mirante roubada...rs... Nada é 100% perfeito. Mas o Lugar é show!!!","São Luís, MA",Couples,,5,DATE_NULL;
6537,6537,Darlene M,Melhor por do sol do mundo,50,Não dá pra vir à Belém e não  vislumbrar o por do sol as margens do rio. O Mangal pode nos proporcionar essa sensação de paz e tranquilidade onde vc se sente pequeno diante de sua exuberância.,"Belém, PA",Couples,,5,DATE_NULL;
6540,6540,Thayanna F,Vista linda!,40,"O Mangal é um espetáculo, muito bonito! Vale a pena passar uma tarde lá, tem borboletário, um farol para olharmos a cidade de cima. E possui também um mirante para apreciarmos a vista da baia. Tem um restaurante maravilhoso. O local rende muitas fotos bonitas, vale a pena conhecer.","Belém, PA",Couples,,5,DATE_NULL;
6581,6581,OZ_Mona,imperdível para os amantes da natureza,50,"Foi um pouco fora do caminho, mas vale a pena o tempo para chegar lá. Embora as instalações estão em necessidade de um pouco de amor e cuidado, os diferentes espaços com aves incríveis fazer tudo muito interessante e excelente para fotos. exploramos os aviários, a torre e a pequena caminhada. Nós também provei sorvete de frutas no local recentemente revisitei delícias portuguesas e o box de comida em um ambiente muito agradável e descontraído.",Cairns,Couples,,5,DATE_NULL;
6582,6582,Gustavo P,Conhecendo Belém,40,Um local digno de se visitar. Tudo muito bonito e preservado. As garças são um item a parte. O mirante para apreciar o Rio é lindo. O restaurante completa o passeio. Recomendo.,"Brasília, DF",Alone,,5,DATE_NULL;
6589,6589,Forlan78,Imperdível ,50,"Entrada gratuita. As garças ficam livres. Além disso tem o borboletário, museu e o farol. Mesmo o que é pago é barato","Curitiba, PR",Alone,,5,DATE_NULL;
6592,6592,Nivea P,Visão linda,50,"Em meio ao verde de Belém, lugar lindo, organizado onde você pode encontrar diversas especies de animais, plantas, frutas, caminhar por um lugar tranquilo e sem pressa de nada, compre o bilhete para pegar o elevador e la de cima ter uma vista incrível de todo os espaço.","Manaus, AM",Alone,,5,DATE_NULL;
6628,6628,Marisilveira,Vale a visita!!!,50,"Garças, pássaros, borboletas, exemplares da fauna, tudo isso em um local agradável e ainda tem uma torre que permite uma visão linda da cidade em 360 graus. Imperdível","Caxias Do Sul, RS",Alone,,5,DATE_NULL;
6630,6630,Nara N,Lindo lugar!,50,Um lugar maravilhoso! Tem que visitar o borboletário. É um ótimo lugar para passa a tarde; e tem um mirante com uma vista linda!,,Alone,,5,DATE_NULL;
6636,6636,Kim D,Imperdivel,50,"Um centro de turismo maravilhoso, onde podemos estar em contato com a natureza, ver um pouco da fauna e flora da amazônia, com restaurante e exposições de arte o local é um ponto turístico que não pode ficar de fora. e conta com uma torre com 40 metros onde é possível ter uma visão 360 graus da cidade de Belém.",,Alone,,5,DATE_NULL;
6639,6639,Sanfer74,Fauna e Flora locais!,50,"Foi o local que mais gostei de Belém, de uma maneira geral. Fauna e flora ao ar livre, coim infraestrutura e muito bem conservado.","Irecê, BA",Alone,,5,DATE_NULL;
6661,6661,Patrick V,Bonito,30,"Uma bonita vista, uma estrutura razoável, não me senti muito seguro (segurança escassa), belas fotos no local.",,Alone,,5,DATE_NULL;
6685,6685,Rafa_Guimaraes84,Ótimo encontro da natureza com a arquitetura,40,"Arquitetura muito bonita, e muito verde amazônico. Os mirantes (do farol e do rio) são espetaculares. Apesar de ter dezenas de espécies de aves em seu espaço, todas elas tem parte das asas cortadas - o que o caracteriza como um zoológico avícola um tanto quanto pesaroso.",Estado do Rio de Janeiro,Alone,,5,DATE_NULL;
6692,6692,Marco S,Oásis de beleza em meio a uma cidade mal cuidada,40,"Este parque vale a visita, pelos seus jardins muito bem cuidados, seus animais que vivem em liberdade, um pequeno mas interessante museu da navegação, um mirante (R$4,00)  e (segundo dizem, pois não cheguei a conhecer) um dos melhores restaurantes de Belém.","São Paulo, SP",Alone,,5,DATE_NULL;
6693,6693,Ivan A,Aprecie a vista.,50,"Lugar excelente para passear tranquilamente. Suba ao mirante, visite o borboletário, entre no pequeno museu da navegação e por fim, mas não menos prazeroso almoce no Manjar das Garças. Excelente restaurante.",São Paulo,Alone,,5,DATE_NULL;
6694,6694,MatheusMAO,Maravilhoso,50,"Lugar fascinante e que nos permite a visualização de belos animais. O local possui diversas atrações e, apesar de algumas serem pagas, vale muito a pena. Para quem estiver indo pela parte da tarde, deve esperar até as 16h para ver o momento de alimentação das garças, é indescritível.","Manaus, AM",Alone,,5,DATE_NULL;
6695,6695,mauricio252525,Lindo e exuberante,50,"Simplesmente fascinante a pessoa fica deslumbrada com tanta natureza e biodiversidade da amazônia , fora a vista para a baía do Guajará.......","Santarém, PA",Alone,,5,DATE_NULL;
6734,6734,christina_paciuli,Um parque botânico de primeiro mundo,50,"Lindo, muito bem estruturado, com belas atrações, como o Borboletário, onde se acompanha todo o processo do desenvolvimento das borboletas, o Orquidário, o Museu Marítimo , além de lagos com centenas de garças que  dão um encanto particular ao parque. Imperdível.","São Paulo, SP",Alone,,5,DATE_NULL;
6754,6754,Bruno Souza de Paula,Contato com a natureza,40,"Lugar tranquilo, ótimo para relaxar. Vista de muitos animais, como garças e iguanas, em diversas áreas do local. Possui um museu de embarcações com modelos em escalas menores logo abaixo do restaurante.","Santo André, SP",Alone,,5,DATE_NULL;
6757,6757,Ed.Amorim,O mais belo ponto turístico de Belém!,50,"O Mangal das Garças é um ponto turístico fantástico. Belos lagos, jardins, passarelas de madeira e dezenas de garças, patos, flamingos e outras aves e répteis. As garças são tão mansas que você anda entre elas e pode tirar belas fotos sem assustá-las. Há uma torre neste local onde se tem a melhor vista de Belém. A vista da Baía de Guajará e do Mangal das Garças é incrível. Além da beleza natural a infraestrutra do local é muito boa.","Fortaleza, CE",Alone,,5,DATE_NULL;
6761,6761,DiegoLeite,Maravilhoso!,50,"Sem dúvida esse é um dos locais de Belém que mais me fascinaram. Fiquei simplesmente apaixonado pela quantidade de animais que vivem soltos no local. São garças, flamingos, guarás, gansos, patos etc. Além disso, há um borboletário lindíssimo. Quem quiser visitá-lo, deve ir pela manhã, quando não está chovendo e as borboletas passeiam bastante.","Rio de Janeiro, RJ",Alone,,5,DATE_NULL;
6762,6762,Katia T,"Vale a visita, mas sem muita expectativa",40,"No parque, você vê um pouco da flora e fauna locais. Tem um orquidário, um borboletário e alguns pássaros criados soltos: garças, flamingos, patos, guarás vermelhos e um tuiuiu (esse eu adorei ver!). Há uma passarela de madeira em que se pode caminhar por dentro de alguma vegetação. Destaque para o mirante do rio (acessível por uma outra bela passarela de madeira). Também tem um pequeno museu da navegação (que você visita em 5 ou 10 minutos). Acima dele, um excelente restaurante com bom serviço de bufê, excelente atendimento, bela decoração e música ao vivo (bossa nova e MPB em geral). Recomendo almoçar lá. De modo geral, vale a visita, mas o parque poderia estar melhor cuidado. Quando você chega, não encontra um mapa à vista dos visitantes, por exemplo. Não se paga para entrar no parque, mas é preciso pagar ingresso para alguns pavilhões, como o borboletário. Note que o ingresso para o borboletário, por exemplo, não é vendido na entrada do borboletário, mas em uma torre perto do restaurante, perto da entrada do parque. Então, fica a dica: compre os ingressos que deseja antes de começar a caminhar pelo parque para evitar o desnecessário ir e vir.","Rio de Janeiro, RJ",Alone,,5,DATE_NULL;
6767,6767,Alaide F,Garças livres,30,"Gostei de tudo. Do borboletário, das orquidias, das garças, do museu Das aves,de todo o espaço. A entrada é gratuita. Facilidade pra chegar de carro ou de ônibus,( eu fui de ônibus).No museu tem guias e todo parque tem segurança e funcionários bem capacitados.","Paulínia, SP",Alone,,5,DATE_NULL;
6779,6779,Michelle T,Agradável,50,"Pra quem gosta da natureza,o local é bastante aprazível.Muito bem cuidado, o borboletário e o mangue me chamaram muito a atenção.As garças que circulam entre as pessoas e nem se importam com nossa presença. Bom passeio!",,Alone,,5,DATE_NULL;
6785,6785,Raimundo F,Excelente,50,"O mangal tem um excelente restaurante com iguarias típica da região. Um Belo borboletário. Local de moradia das belíssimas garças que ficam na orla do Rio Guamá,","Brasília, DF",Alone,,5,DATE_NULL;
6788,6788,Davi C,Excelente restaurante,40,"Bom para um passeio no domingo, tirar algumas fotos, e comer. O manjar das garças oferece ao domingo um self service com valor fixo (R$65,00 em 03/14). A comida é muito boa além da ótima variedade de pratos.","São Paulo, SP",Alone,,5,DATE_NULL;
6797,6797,BelChuva,Imperdível,50,"Antigo terreno da Marinha, foi transformado em um Parque de lazer, com lindos jardins, o maior Borboletário da America Latina, um bioma especial, onde as aves vem e vão!O restaurante é um acontecimento, tem várias comidinhas típicas da região no buffet, de uma vez só, você pode provar várias delicias da gastronomia paraense. R$60 o buffet.Leve capa, choveu umas 3 x quando estive lá rsrsSuba no mirante para tirar fotos, e conhecer ali do alto toda a beleza do parque. Ah não deixe de ir no Mirante do Rio, lindo!","Rio de Janeiro, RJ",Alone,,5,DATE_NULL;
6801,6801,Solange R,"Lindo, bem cuidado.",40,"Um local que não pode ser deixado sem visitar. Tudo lindo, bem organizado . Variados animais circulam livremente. A vista da torre é imperdível. O restaurante é muito bom. As garças e as borboletas são um espetáculo à parte.","Curitiba, PR",Alone,,5,DATE_NULL;
6805,6805,Rhb2014,Jóia de Belém,50,"Amei tudo, da organização à limpeza do lugar! Tão diferente do resto da cidade que é muito suja, infelizmente. Os animais são bem cuidados e parecem muito felizes ali! Amei mesmo!","Porto Alegre, RS",Alone,,5,DATE_NULL;
6813,6813,Jose R,Atração número 1 de Belém,50,"Atração número 1 de Belém, com vários ambientes e atividades. As aves são as donas do pedaço, especialmente as Garças. Vale visitar todas as atrações, algumas pagas,  mas de grande beleza. Vá pela manhã para ver tudo, com menor probabilidade de chuva e especialmente a alimentação das Garças (você nunca verá tantas juntas - conferir horário), Comece pela torre de observação (Farol de Belém) e atrações externas, passe para o museu seguido do almoço e loja Armazém do Tempo.","São Paulo, SP",Alone,,5,DATE_NULL;
6827,6827,Ivanilde G,Paraíso urbano,50,"Nossa avaliar o mangal é muito simples, também pudera é um lugar encantador onde encontramos um pouquinho da nossa beleza amazônica com algumas espécies de aves e pássaros, de uma diversidade de plantas. E o borboletário, nossa é muito bom ver lindas borboletas bem de pertinho como a olho de coruja, júlia, amarelão entre outras... E a visão panorâmica que se tem quando estamos no alto do farol, é bom demais.Não é a toa que é um dos meus lugares preferidos pra passear. E é um lugar pra passear sozinho, acompanhado da família, dos amigos, a dois. Pra entrar no local é gratuito, mais para visitar (adentrar no museu, borboletário, no farol e no vivero das aves. paga-se um pequena quantia por local ou se preferir pagar um pouquinho mais compra-se um passaporte que dá direito a todos.","Belém, PA",Alone,,5,DATE_NULL;
6861,6861,Claudio N,Mangal das Garças,50,"Excelente lugar. Parque ecológico com ótimo roteiro para passajo com a família. Pássaros e aves soltas. Possui um excelente restaurante, com comidas típicas de bom gosto. Excelente opção.","Osasco, SP",Business,,5,DATE_NULL;
6863,6863,Renan Setta,LINDA vista,40,"Leve repelente. Com isso, tudo ficara otimo. A vista, paisagem muito diferente de tudo que conhecia no Brasil. Bati otimas fotos, o lugar me surpreendeu e ainda possui um restaurante muito bom la dentro.","Belém, PA",Business,,5,DATE_NULL;
6887,6887,araripe2015,Bucólico,40,"O Mangal da Garças é um parque diferenciado. Possui atrações internas como o museu de navegação, um observatório onde se tem uma boa vista da cidade, um orquidário, um pier gigante que adentra ao rio Guamá, permitindo uma vista exuberante das ilhas do entorno de Belém. Além disso, abriga um maravilhoso restaurante qeu funciona num caramanchão sobre palafitas! Imperdível para quem vai a Belém.","Sorocaba, SP",Business,,5,DATE_NULL;
6889,6889,Luis S,Passeio,40,"Vale muito à pena conhecer. Ambiente natural, com muitas aves e outros tipos de animais da nossa fauna. Flora rica em beleza natural. Possui um excelente restaurante no seu interior, com culinária típica do estado.","Rio de Janeiro, RJ",Business,,5,DATE_NULL;
6890,6890,tatianasuster,Encantador!,40,"O mangal das garças é um lugar encantador. Fica na cidade velha. É muito bem cuidado. É possível subir no observatório onde se tem uma vista de Belém. Possui vários animais andando livres, como garças e camaleões. Um ótimo lugar para relaxar. Tem uma vista deslumbrante.","Belém, PA",Business,,5,DATE_NULL;
6891,6891,Alexandre_Zanini,"Excelente local para respirar, meditar e conhecer pessoas..",50,"Muito interessante. Como adoro a natureza, ali é um lugar, para mim, nota 10!!Adorei a vista pelo DECK..","Rio de Janeiro, RJ",Business,,5,DATE_NULL;
6892,6892,Leoacci A,Boa refeição num bonito visual !,50,"Ambiente muito agradavél, grande variedade de pratos, com comida regional e tradicional. Sistema de Buffet tanto para os pratos salgados como para as sobremesas.Pessoal bastante atenciosos ! Vale a pena o passeio.","Santo André, SP",Business,,5,DATE_NULL;
6893,6893,lucia3007,Lugar Lindo,50,Lugar lindo e agradável para se visitar. Precisando só de uma limpeza onde fica o lixo trazido pelo rio.,"Belo Horizonte, MG",Business,,5,DATE_NULL;
6951,6951,Luisa S,Lindo!,50,Um lugar belíssimo. Várias garças e outras aves. Dá de dez a zero em vários parques de fora do país. Amei!,"Lages, SC",Business,,5,DATE_NULL;
6956,6956,M.J.,Esplêndido lugar,50,"Este lugar se localiza na beira do rio. A vista do rio e ilhas é maravilhosa. O lugar projetado para que se conheça um tanto da Amazônia é lindo. No restaurante se pode provar das delícias da terra, a comida é espetacular. O acesso é fácil, pois o lugar é conhecido na cidade, de preferência, caso não esteja de carro, pegue um taxi. Vale chegar mais cedo e usufruir dos recantos do lugar, mas não esqueça a garrafa de água e o protetor solar, o sol é escaldante.","São Paulo, SP",Business,,5,DATE_NULL;
6957,6957,GutoMatos,Boa comida e lindo lugar,40,"Este restaurante, está localizado às margens de um Rio, dentro de um Museu da marinha.Tem comida típica do Pará, com destaque para o peixe ""Filhote"", onde você pode degustar também outras opções de peixe, a pós a refeição, ir ao Mirante do lado de fora, na beira do Rio, bem como conhecer particularidades sobre um antigo acervo da Marinha do Brasil.Já fui diversas vezes, e recomendo.","São Luís, MA",Business,,5,DATE_NULL;
6958,6958,Maira Balby,Local encantador!,40,"O mangal das garças é lindo, transmite uma sensação de tranquilidade, vale a pena o passeio. Em dias chuvosos, algumas atividades do local não funcionam.",Estado de São Paulo,Business,,5,DATE_NULL;
6961,6961,Josiane C,Lugar mais lindo que já ví,50,Parque muito bem cuidado e com vários animais soltos pelo local. Ótimo para curtir a natureza e tirar fotos.,"Brasília, DF",Business,,5,DATE_NULL;
6967,6967,Crbraga,Local impressionante ,50,"Estava em Belém a trabalho e num dia de folga me surpreendi com este local mágico!Além das garças, atração principal, tem borboletário, museu, espaço das aves, restaurante, um deck belo.","São Paulo, SP",Business,,5,DATE_NULL;
6968,6968,Rudolf W,FANTASTICO,50,"Parque encravado em Belém onde se pode apreciar a natureza local, pela primeira vez fui a um borboletário e é incrivel a variedade de cores e tipos de borboletas. Muitas aves se refugiam naquele lugar. Ir ao mirante é obrigatório.","Cuiabá, MT",Business,,5,DATE_NULL;
7021,7021,CCobo1974,Excelente restaurante e não deixe de ir.,50,Excelente opção culinária em Belém. Atendimento impecável. Preço justo. Comidas das mais saborosas do Brasil. Local fantástico pelo agradável ambiente e pela vista do rio Guamá.,"Belém, PA",Business,,5,DATE_NULL;
7026,7026,Luana G,Lindo!,50,"O Mangal é um espaço muito bonito de preservação de flora e fauna local. Vale a visita! Existe um mirante com boa vista da cidade, no entanto estava em reformas no período que visitei.","Rio de Janeiro, RJ",Business,,5,DATE_NULL;
7031,7031,JAmericoCosta,Imperdivel,50,"O local é incrível, permite ótimas fotos e é um complexo com várias atrações (borboletario, museo, pier e um excelente restaurante)","Recife, Pernambuco, Brazil",Business,,5,DATE_NULL;
7032,7032,Jose Eduardo S,Mangal das Garças Belem,50,"o Ambiente é muito legal, espaços verde com fauna e flora da região pode servir a'te para pequenos passeios, excelente comida regional","Recife, PE",Business,,5,DATE_NULL;
7034,7034,EmidioCunha,Mangal das Garças - Belém do Pará,50,Trata-se de um belo parque repleto de recursos naturais e um belíssimo visual do Rio Guajará. No parque você pode subir no Farol de Belém e curtir uma vista ainda melhor do rio. Existe diversos animais e pássaros da região que podem ser observados bem de perto. A limpeza e conservação do parque são quase impecáveis. Visita altamente recomendável.,"João Pessoa, PB",Business,,5,DATE_NULL;
7044,7044,wallace o,lugar especial,50,um lugar onde você se descontrai com sua família principalmente com crianças onde várias coisa borboleta rio.. ótimo.,,Business,,5,DATE_NULL;
7047,7047,Ricardo Werner,Orla amazonica revitalizada,40,"O Mangal das Garças oferece ao visitante de Belém uma pequena mostra das margens preservadas do rio, possibilitando inclusive uma bela vista deste e de parte da cidade a partir de seu mirante de mais de 35 metros. O viveiro de pássaros típicos da região o borboletário e um pequeno museu de embarcações típicas ribeirinhas completa a visita!","São Paulo, SP",Business,,5,DATE_NULL;
7054,7054,SONIA B,MARAVILHOSO,50,"Chegar nesse local exige mais habilidade, pois fica na cidade velha, se estiver nas ""11 janelas"", "" Ver-o-peso"" ou ""Estação das Docas"" fica p´roximo e acessível, para visitar é melhor pegar táxi e passar uma manhã ou uma tarde, exige mais tempo para conhecer as atrações do local que tem um espaço grande que exige boa caminhada.Tem restaurante e lanchonete, bem como, um mirante de frente para o rio, vale muito visitar e passar umas horas observando a paisagem.","Belém, PA",Business,,5,DATE_NULL;
7119,7119,Paulo M,Cardápio Top,50,"Além de possuir uma localização previlegiada, tem um excelente atendimento e ótima gastronomia. Procure chegar até meio-dia ou depois das 13:30h, pois entre esses horários é lotado.","Barcarena, PA",Business,,5,DATE_NULL;
7123,7123,José R,O melhor!,50,"O melhor restaurante da cidade, para quem tem um exigente paladar! Além de ter um dos melhores lugares para passear, com seu bosque de diversas lindezas.","Belém, PA",Business,,5,DATE_NULL;
7125,7125,Gisele I,Melhor lugar em Belém,50,É meu lugar preferido em belém. Tem um bom restaurante dentro e um espaço maravilhoso para dar uma volta.,"São Paulo, São Paulo, Brazil",Business,,5,DATE_NULL;
7160,7160,Taschner,Lugar lindo!,50,"Adorei o lugar, senti paz! O contato com a natureza é tão próximo que dá para esquecer a loucura do dia a dia.","Curitiba, PR",Business,,5,DATE_NULL;
7249,7249,OdairBehnke,O espaço poderia ser melhor aprov,40,O local é muito bonito com diversas aves e iguanas soltas. Senti falta de uma loja com souvenires da cidade.,"Blumenau, SC",Friends,,5,DATE_NULL;
7251,7251,Adrielson Santos,Magnífico,50,"O lugar é maravilhoso parta todos os tipos de pessoas não importa qual idade tal pessoa tenha vai se maravilhar com a beleza do lugar, aquele ar de natureza. esplêndido...","Belo Horizonte, MG",Friends,,5,DATE_NULL;
7252,7252,Tiago D,Visitação obrigatória em Belém,50,"Local gratuito para entrada no parque, muito bom para tirar fotos e ver alguns animais presentes ali, la tem 3 atrações pagas ate mesmk para se manter as suas devidas conservaçoes mas e um lugar fantastico para se visitar",,Friends,,5,DATE_NULL;
7253,7253,Diego M,Incrível!,50,"Lugar incrível, que permite contato com a natureza e uma vista panorâmica da cidade de Belém.Um passeio imperdível.","Itapema, SC",Friends,,5,DATE_NULL;
7312,7312,Tania U,Lugar lindo,50,"Em Belém e um passeio obrigatório, tem um restaurante espetacular e uma vista de tirar o fôlego. Com um borboletário e muitos pássaros da região.",,Friends,,5,DATE_NULL;
7315,7315,Ana B,Almoço agradável ,40,"Lugar lindo, bem cuidado, boa comida. O único senão Eno estacionamento descoberto por causa das chuvas","Campo Grande, MS",Friends,,5,DATE_NULL;
7317,7317,Roberto H,Local super bacana para uma experiencia diferente,40,"Local agradável para passear e/ou almoçar. Com um lindo visual das aves, doo rio, da torre, vale a pena a visita. O restaurante é de pratos bem executados, e agradavel.",,Friends,,5,DATE_NULL;
7318,7318,edmeirel,Visita imperdível em Belem,50,"Parque para estar ou em uma manhã ou em uma tarde, completa. Bem distribuído os locais: Borboletário, Viveiro das Aningas, Torre e Museu. Todos os locais muito agradável de se estar. No alto da torre uma visão do parque e dos edifícios de Belém, bem como no borboletário com uma diversidade de espécies.","Fortaleza, CE",Friends,,5,DATE_NULL;
7321,7321,Viviane895,vista panoramica,50,"sensacional, e o cardápio do restaurante é o melhor de Belém, um atendimento espetacular, aproveite a vista pra deliciar uma cerveja regional","Ariquemes, RO",Friends,,5,DATE_NULL;
7322,7322,Emilse Aparecid... M,Fantástico e muito bem cuidado!,50,"O Mangal das Garças impressiona positivamente pelo seu design arquitetônico, organização e presença de diferentes tipos de aves que vivem livres no local! O espaço abriga o restaurante Manjar das Garças muito bem estruturado e com boa comida! Há passarela que leva até bem proximo do rio com vistas maravilhosas das águas e da vegetação exuberante! As edificações são todas de madeira e muitas plantas. O local foi planejado para manter as garças que lá já habitavam e ampliaram para outras aves. É um lugar de beleza e calma  que permite o contato com a natureza ! Imperdível !","Salto, SP",Friends,,5,DATE_NULL;
7323,7323,ligiamoura2016,Lindo local,50,"super aprazível, lindo local, restaurante muito bom. Serviço no restaurante pouco efetivo e pouco ágil. Garçons lentos demais mas a comida é boa.","Águas Claras, DF",Friends,,5,DATE_NULL;
7324,7324,Scylloca,O melhor lugar da cidade,50,"Na beira do Rio Guamá, fruto de trabalho arquitetônico refinado, integrando a natureza generosa da Amazônia com o elemento humano, o Mangal das Garças propiciona ao turista uma imersão à essência da floresta e ao beira-rio.Imperdível!","Belém, PA",Friends,,5,DATE_NULL;
7335,7335,Thiago P,O resumo da Amazônia.,50,"um pedaço da amazônia em um único lugar, tudo bem tipico. lugar agradável, as lindas garças, um vista incrível.","Mossoró, RN",Friends,,5,DATE_NULL;
7364,7364,KatiaSena,Excelente para a família ,40,"Local para toda a família e amigos. As crianças vão adorar ver as aves e borboletas. Bem como, tomar um sorvete e ainda poder almoçar num excelente restaurante.","Belém, PA",Friends,,5,DATE_NULL;
7367,7367,Ava C,Vale a pena conhecer!,40,"O espaço conta com um mirante, onde se tem uma bela vista da cidade, um restaurante, com cardápio variado, borboletário, aves que circulam livremente, lagos e também uma linda vista do rio. Fica perto do centro histórico (complexo Feliz Lusitânia) e também de outras praças, shopping, bares e hotel.","Belém, PA",Friends,,5,DATE_NULL;
7375,7375,Sílvia B,Muito bonito,50,"Gostei bastante, o lugar é fantástico, ótimo para passear com a família, amigos..Tem que ir com disposição para andar e aguentar um pouco o sol..","Curitiba, PR",Friends,,5,DATE_NULL;
7380,7380,Thais M,Lugar lindo ,50,"Ótimo passeio, o borboletário é muito interessante, a variedade de espécies de pássaros também é demais, lugar muito bonito! A vista do rio é bem legal!","São Paulo, SP",Friends,,5,DATE_NULL;
7403,7403,Carol M,Lugar mais bem cuidado de Belém,50,"O Mangal das Garças é um contraste legal com as outras atrações de Belém: aqui tudo é muito bem cuidado. A entrada do parque é de graça, apenas algumas atrações são pagas. Os animais ficam soltos no parque, e tem um mirante para o rio que é muito legal. Há alguns restaurantes típicos também e um museu da navegação amazônica. Infelizmente quando eu fui a torre que tem a vista panorâmica (R$5) estava fechada para manutenção.","São Paulo, SP",Friends,,5,DATE_NULL;
7404,7404,Janaína Medeiros,Natureza ,50,"Com uma natureza ímpar  lindo parque para caminhar. Fui num momento de muita chuva, por isso, aproveitei pouco, neste parque tem um restaurante com uma comida maravilhosa.","Campinas, SP",Friends,,5,DATE_NULL;
7405,7405,Paulino H,Restaurante correto,40,"Pratos típicos, com ingredientes locais. No almoço, preço fixo (R$ 76,00), inclui sobremesa. Muito bom e a localização do restaurante é muito bonita e o restaurante muito agradável!","Santos, SP",Friends,,5,DATE_NULL;
7406,7406,Helen Brite,Lindo lugar,40,"Um dos melhores lugares para contemplar as diversas aves da Amazônia, a beleza do por do sol e passear com amigos, familiares ou crianças. Só é preciso estar atento aos dias quentes: como é descampado, o ideal é que as visitas aconteçam de manhã cedo ou no fim da tarde.","Belém, PA",Friends,,5,DATE_NULL;
7408,7408,Vall Mendess,Lindo lugar!!,40,"Um cartão postal de Belém!! Lindo local para passar uma manhã. Para entrar no parque não tem taxa, mas algumas atrações devem ser pagas. O local tem um restaurante bastante disputado com self service no almoço.","Campinas, SP",Friends,,5,DATE_NULL;
7409,7409,Luiza Aro,Agradável,40,O parque é pequeno e muito bem conservado. Tem uma vista ampla de Belém se você for até a margem do rio. As garças vermelhas são um encanto. Mas confesso que esperava mais. As fotografias são mais bonitas do que a realidade.,"São Paulo, SP",Friends,,5,DATE_NULL;
7410,7410,RodrigoN75,Imperdível ,50,"O Mangal é um espaço público muito agradável e bem organizado. Aves, lagartos é uma flora riquíssima está lá para ser apreciada. Não deixe de subir ao farol para ter uma bela vista de Belém.","Anápolis, GO",Friends,,5,DATE_NULL;
7425,7425,Gabriela A,Lugar lindo,40,"Infelizmente não tive tempo de conhecer o restaurante que é muito elogiado pelos moradores da cidade, mas o lugar em si é maravilhoso, com várias atrações, limpo e bem cuidado. Lugar imperdível para os turistas.","São Leopoldo, RS",Friends,,5,DATE_NULL;
7535,7535,Julia P,Parque para todos os públicos,50,"Um parque grande com boa Estrutura. Durante a manhã pode-se apreciar as borboletas do borboletário, que só saem durante a parte da manhã e voam livremente entre os visitantes. Se chegar a uma hora antes do horário de fechamento do espaço, pode-se observar a volta para o parque de dezenas de garças. Além de tudo, possui um restaurante de grande referência da cidade.","Belém, Para, Brazil",Friends,,5,DATE_NULL;
7566,7566,RobertoMonzi,Lugar maravilhoso,40,"Conhecer o mangal das garças é fazer parte da flora e fauna brasileira. Há um restaurante maravilhoso o Manjar das garças, o farol de onde podemos ter uma vista magnifica .",,Friends,,5,DATE_NULL;
7576,7576,Alice L,Lugar perfeito,50,É um ótimo passeio... Possui uma beleza ímpar. Lugar limpo e agradável. Na torre dá para ver a cidade de Belém.,,Friends,,5,DATE_NULL;
7587,7587,marklefv,passeio agradável,40,"Quer ver a Amazonia? Não deixe de visitar o Mangal das garças, é muito legal. Suas selfies serão perfeitas!","Tucuruí, PA",Friends,,5,DATE_NULL;
7595,7595,Ricardo B,Ambiente natural,40,Parque ecológico situado no centro da cidade com uma natureza exuberante que contrasta com a arquitetura. Possui mirantes perfeitos para se apreciar as margens do rio.,"Contagem, MG",Friends,,5,DATE_NULL;
7597,7597,Hotel VillaOeste,Bom programa para um dia de sol,40,"O Mangal é uma boa pedida para um dia sem chuva em Belém, com vários animais silvestres como garças, um borboletário, lagos e um mirante onde se tem uma vista 3600 da cidade.  Não  deixe de ir no restaurante do local, o Manjar das Garças com buffet self service de pratos típicos.",,Friends,,5,DATE_NULL;
7599,7599,Alicez217,Um parque muito agradável.,40,"O local tem várias espécies de pássaros, está muito bem conservado. Vale a pena passar um tempo lá, contemplando a natureza. O único senão é que algumas atividades são pagas, como a torre e o museu.","São José dos Campos, SP",Friends,,5,DATE_NULL;
7603,7603,Mariana C,Lindo!!,50,"Lugar Muito Bonito. Quando fui estava chovendo, mas a chuva não nos impediu de apreciar a beleza do lugar! vale muito a pena, a vista do mirante é linda! um lugar de rica natureza!","Londrina, PR",Friends,,5,DATE_NULL;
7604,7604,Monicacabraldomonte,Mangal das garcas,50,"Uma das atrações mais bonitas da cidade de Belém. O parque é encantador e permite uma aproximação muito grande com a natureza. Há diversas espécies de animais e plantas, além da possibilidade de subir na torre e visualizar a cidade do alto.","Natal, RN",Friends,,5,DATE_NULL;
7613,7613,Keila Simone D,Lindo lugar,50,"A natureza se faz presente nesse lugar encanador com plantas lindas e aves exóticas. Quem visita pela primeira vez, sempre quer voltar.","São Paulo, SP",Friends,,5,DATE_NULL;
7617,7617,Tays T,Beleza,50,"O manual das garças e um local que vc senti em encontro com a natureza com araras, borboletas , garças entro outro animas...Tbm Tem a Oportunidade de apreciar o por do Sol que e lindo, tem um borboletario , um torre que vc conseguir ter a visão do mangal todo.Muito lindo!",,Friends,,5,DATE_NULL;
7623,7623,Rodrigo M,Ótimo passeio,50,Local muito bonito com variedades de aves e um borboletário. Há também um mirante e ao lado o restaurante Manjar das Garças.,"Salvador, BA",Friends,,5,DATE_NULL;
7628,7628,Luanafj,Lindo ,50,Lugar muito agradável. Rende um excelente passeio com a família. Paisagem magnífica. Ótimo local para tirar fotos. Vale a pena pagar para conhecer o borboletário.,"Porto, Portugal",Friends,,5,DATE_NULL;
7629,7629,diferama,MARAVILHOSO!,50,"Um lugar espetacular. Um jardim como poucos que vimos pelo mundo; com fauna e flora da Amazônia, bem planejado e belo. Uma típica visita imperdível ao estilo de qualquer turista. Só é pena que a Marinha do Brasil, que fica ao lado, não aproveita para abrir as portas do arsenal...","Macapá, AP",Friends,,5,DATE_NULL;
7644,7644,mariuza2015,Natureza,50,"Mangal da Garças. Um lugar maravilhoso onde você sente a natureza muito próxima. E onde está o Restaurante Manjar das Garças com comida maravilhosa , podendo se deliciar com patos variados de peixes da região . Você  ainda pode apreciar a Baia do Guajará e ver o por do sol. Simplesmente maravilhoso.","Belém, Brasil",Friends,,5,DATE_NULL;
7664,7664,THAYS S,LINDO!,50,O lugar e maravilhoso com um ambiente perfeito. Tem um restaurante e um borboletario lindo. Vale muito a pena ir,"Fortaleza, CE",Friends,,5,DATE_NULL;
7670,7670,kely n,Local de riquezas naturais,50,"Local que consegue mostrar um pouco das riquezas naturais da Amazônia , alem da lindíssima vista do Farol .","Rio de Janeiro, RJ",Friends,,5,DATE_NULL;
7674,7674,mario_andrade,Ótimo lugar para passear,40,"O local tem muito verde e vários bichos. Tudo muito lindo, o passeio é bastante agradável. Para quem gosta de fotografia, é possível fazer lindas fotos a qualquer horário, porém, o final de tarde é lindo. No Mangal existem outras atrações, um ótimo restaurante, um pouco caro, mas, de ótima qualidade. Coloque essa atração na sua lista de viagem.","Rio de Janeiro, RJ",Friends,,5,DATE_NULL;
7779,7779,V1a2l3e4r5i6a7,Mirante exclusivo,50,Aproveite este belo passeio para tirar fotos e guardar na lembrança os lugares visitados em Belém do Para!,"Belo Horizonte, MG",Friends,,5,DATE_NULL;
7792,7792,Renatto M,Ótimo,40,"Lugar incrível, com várias espécies, animal e vegetal, nativas da Amazônia, num local de passeios destinados ao público de todas as idades. Tem os serviços pagos de subir na torre e entrar no borboletário. Atente para os altos preços do restaurante.","Recife, PE",Friends,,5,DATE_NULL;
7793,7793,carla r,passeio,50,lugar maravilhoso para um agradável passeio em família. super recomendo. o borboletário é lindo. e o elevador nos proporciona uma vista linda da cidade.,"Belém, PA",Friends,,5,DATE_NULL;
7806,7806,Joyce B,Cenário amazônico,50,"No Mangal das Garças tem um restaurante self sevice chamado Manjar das Garças, comida excelente mas o preço não é dos mais baratos. No mangal é possível ver patos, várias espécies de aves como os guarás e visitar o borboletário ( mas este é preciso pagar). No local também existe um mirante onde é possível ter uma boa vista de Belém, mas também o acesso é pago. Tem um trapiche/cais onde é possível ver mais de perto os barcos. Vale a pena conferir!","Fortaleza, CE",Friends,,5,DATE_NULL;
7809,7809,Febrall F,Espetacular ,50,"Se tem um lugar que sempre quero ir visitar é esse.O local tem uma comida maravilhosa, ambiente agradável e com excelente decoração e serviço de primeira.Pratos muito bem elaborados e uma apresentação impecável. Minha fica é que reserve antecipadamente se não gostar de esperar, pois tudo isso torna um cartão postal de Belém com um paisagismo natural inesquecível.Portando, só tenho elogios e seria muito bom se toda cidade tivesse um lugar tão bem planejado e tão agradável quanto esse.","Porto Alegre, RS",Friends,,5,DATE_NULL;
7811,7811,Leandro L,Parque lindissimo,40,"Esse parque fica as margens do rio, com uma área verde linda, onde vc pode acessar o Farol de Belém por elevador (Mirante), com uma visão deslumbrante do rio e da cidade, além de existir um orquidário, borboletário, restaurante que fica suspenso (parece ser muito bom, haja visto, que é meio caro). Mas na minha opinião o mais bonito de se ver e sentir, é tranquilidade e a paz que esse local nos proporciona.","Cotia, SP",Friends,,5,DATE_NULL;
7892,7892,Cah_Silva,Muito agradável!,50,"Fantástica experiência visual. Admirar os pássaros e seus hábitos é reconfortante. Um passeio ímpar, principalmente no fim da tarde, isso sem comentar o restaurante que também é ótimo.","Castanhal, PA",Friends,,5,DATE_NULL;
7898,7898,DavidSimor,ótimo,50,"Tem uma torre onde podemos ver todo o lugar alem das borboletas incriveis e do otimo restaurante, um bom lugar pra relaxar!","Belém, PA",Friends,,5,DATE_NULL;
7908,7908,sscmelo,Visita obrigatória,50,"O local tem estacionamento com preço razoável, um restaurante DIVINO que conta com o melhor da cozinha regional, um borboletário e uma vista para o rio incrivel. Recomendo subir no mirante e ver a cidade lá de cima.","Belém, PA",Friends,,5,DATE_NULL;
7927,7927,Tomaz Aquino,Paraíso na área antiga de Belém-PA!,40,"O Mangal das Garças, localizado na cidade velha de Belém-PA é exemplo de como o poder público pode contribuir para a melhoria das áreas degradadas da cidade. Ali pudemos encontrar um espaço verde preservado, com animais bem cuidados (a maioria são pássaros: garças brancas e vermelhas), reprodução de borboletas, exposição de peças da cultura local e observar a natureza do alto de uma torre de observação. Visual bonito e bom atendimento! Parabéns a Belém-PA!","Manaus, AM",Friends,,5,DATE_NULL;
7933,7933,Boni0001,Mangal da Garças Belem,50,"Lugar imperdível em BelémUm dos lugares mais bonitos e bem cuidados, onde se pode ver um pouco da cultura e gastronomia paraense.","Castanhal, PA",Friends,,5,DATE_NULL;
7940,7940,Albino D,MANGAL DAS GARÇAS,40,"Local muito bonito e muito bem tratado, com diversas opções de lazer, como mirante na beira do rio, borboletário, animais, gastronomia típica da região e um excelente restaurante panorâmico. O ponto negativo é que o restaurante apesar de ter rede wi fi, não libera para uso dos clientes. Recomendo conhecer esta atração de Bélem.",recife,Friends,,5,DATE_NULL;
7946,7946,Monicacabraldomonte,Mangal das garças ,50,"Um dos lugares mais bonitos de Belém, se não for o mais belo. O contato com a natureza é muito próximo e é possível conhecer várias espécies de animais típicos da região. O melhor de tudo é que a maior parte dos animais vivem soltos e livres.","Natal, RN",Friends,,5,DATE_NULL;
7948,7948,Paulop976,Um brinde a vida,50,É um local que não se pode perder a visita nunca. Situado perto do forte temos contato com a natureza e diversos animais que vivem no parque - a vista do complexo é de deixar a pessoa embevecida.,"Belo Horizonte, MG",Friends,,5,DATE_NULL;
8002,8002,Ana Cravo,Bela vista!,50,"Excelente lugar para levar as crianças, pois tem muitos animais e uma linda vista do rio. Ambiente agradável, esse lugar é versátil pois pode-se visitá-lo para fazer exercícios, comer, brincar, passear etc. Vale a pena dar uma passadinha por lá.","Belém, PA",Friends,,5,DATE_NULL;
8029,8029,Maria Silvia S,barbaro,50,"Uma dia muito agradavel pode ser passado no Mangal das Garças, excelente restaurante, natureza, vegetação, passaros, Museu, vale muito a visita. Só o borboletário é um pouco pobre.","São Paulo, SP",Friends,,5,DATE_NULL;
8057,8057,Sonia R,Vale a pena visitar,40,"Fica próximo da Basilica de Nazaré. Nesse tem museu, aquário com peixes da bacia amazônica e zoológico com animais amazônicos.","Armação dos Búzios, RJ",Families,,6,DATE_NULL;
8060,8060,Cris A,Vale a pena visitar!,50,"Vegetação linda! Parque muito bem cuidado com muitos animais e um lindo aquario. paga ingresso no valor de R$ 3,00 a inteira e R$ 1,50 a meia. Vale muito a pena a visita!","Belém, PA",Families,,6,DATE_NULL;
8090,8090,CleoLobato,"Ótimo lugar, porém, pecando na infraestrutura.",40,"Lugar ótimo p apreciar a fauna amazonica, e agora com o aquario e o serpentário ta mais paidegua ainda. Infelizmente o ligar peca na infraestrutura, poucas lixeiras e algumas quebradas, banheiro ruim, bancos quebrados. Mas nada disso atrapalha o passeio da familia. As crianças adoram. O ligar precisa de mais atividades de educação ambiental p comunidade.","Belém, PA",Families,,6,DATE_NULL;
8091,8091,Rafael G,Despreparo total.,10,"Pior visita da cidade. Uma equipe desinteressada em oferecer orientações. Banheiros fechados e um descaso com a manutenção do local. As sinalização é péssima o confunde o visitante.A exposição conta com pouco menos do que painéis com longos textos e quase nenhuma ilustração. Monitores para mídias interativas desligados.Um monitor com a aparente entrevista de um indígena não tem som ou fones de ouvido.A área de zoológico quase sem nenhuma sinalização, especialmente para serviços como banheiros.O aquário parece estar em manutenção permanente.Uma experiência deprimente. Esperanço que melhorem as condições ou soltem parte daqueles animais.","Belém, PA",Families,,6,DATE_NULL;
8092,8092,aperesj,Um excelente local,30,"Um excelente local para visitação com espécies nativas da região amazônica, um pouco deteriorado, mas vale a pena a visita por ser uma ""floresta no meio da cidade""","Mogi Mirim, SP",Families,,6,DATE_NULL;
8121,8121,pantojaanamarcia,Agradável,50,"Encravado no centro da cidade, o Museu garante um quarteirão cheio de vegetação e histórias para a cidade de Belém. Com 150 anos, visitá-lo é a garantia de um passeio agradável com amigos ou família. As crianças vão gostar dos animais. Você pode passear pelo local e conhecer os espécimes vegetais. Passeio para quem gosta de apreciar a natureza.","Belém, PA",Families,,6,DATE_NULL;
8203,8203,Larissa F,Museu no centro da cidade,50,"O museu fica bem localizado, no centro da cidade. Não há estacionamento no local, mas há flanelinhas auxiliando o estacionamento na via publica.O local é pago, mas um valor irrisorio.Possui muitas plantas, e animais.",,Families,,6,DATE_NULL;
8206,8206,César C,Natureza no Centro da cidade,50,"Para quem deseja conhecer um pouco da fauna e flora amazônica sem sair da cidade, o Museu Goeldi é o lugar perfeito. Tem preço acessível e localização com várias linhas de transporte público para quem não possui veículo próprio. Lugar perfeito para crianças e família.","Brasília, DF",Families,,6,DATE_NULL;
8213,8213,Andreftsouza,Passeio formidável,40,Importante centro de pesquisas e de acesso da população a áreas ambientais protegidas. Alguns animais em exposição e bastante área verde. Bom pra passear.,"São Paulo, SP",Families,,6,DATE_NULL;
8219,8219,KeithMorata,Adorei!!!!!,50,"Parece um pedaço de selva na cidade.Bem arrumado, organizado, bonito, com animais soltos.Vale o passeio.",,Families,,6,DATE_NULL;
8287,8287,Maíra R,Não gosto,20,"O museu é um espaço preservado da flora e fauna da floresta.Porém sou contra qualquer lugar que tenha animais ""presos"". Acho aquelas jaulas terrivelmente pequenas para animais grandes.Tinha um aquário enorme e belíssimo que fechou para reforma e nunca mais voltou a ativa.Fui muito quando era criança e para levar meu filho, mas não pretendo ir de novo.","Belém, PA",Families,,6,DATE_NULL;
8288,8288,Anderson P,Pedacinho da Amazônia na Cidade,40,"ótimo local para conhecer um pouco da biodiversidade amazônica, cheio árvores, plantas e animais encontrados somente na Amazônia.",,Families,,6,DATE_NULL;
8297,8297,STNPC,EXCELENTE!,50,"Exposição excelente sobre a cultura e festas indígenas na região! Crianças gostam muito, pois tem exibição de alguns vídeos antígos. Fora do museu, o parque tem algumas poucas espécies de aminais, mas muita flora e espaço para um passeio.",,Families,,6,DATE_NULL;
8299,8299,Sonia A,bom,40,"parque enorme, com passáros, peixes, alguns animais selvagens, como onça. O museu é bem interessante pois conta a história indígena e seus costumes. Tem uma lanchonete (simples) e banheiros limpos. muito bom","Fortaleza, CE",Families,,6,DATE_NULL;
8302,8302,SheilaBord,A melhor surpresa de Belém,50,"Ficamos surpresos com o local no centro da cidade. Por apenas R$3 por pessoa entramos em uma parte da Amazonia mostrando a vegetação riquíssima, animais (tinha até onça pintada) parque infantil, museu e exposição indígena. Amamos!","Rio de Janeiro, Brazil",Families,,6,DATE_NULL;
8306,8306,Natalia F,Muito agradável,50,"Museu de fauna e flora ao ar livre. Muito bonito, arborizado, com animais soltos - vi quatis, pacas e uma preguiça linda. Tem um ""jardim"" de vitória régia belíssimo, fiquei encantada! Vale a visita, especialmente com crianças/jovens. Não achei lanchonete, não sei se tem. Mas é um passeio bastante tranquilo.","Belém, PA",Families,,6,DATE_NULL;
8307,8307,Sylvino N,Bom pra ver bichinhos,30,"Tem uns bichinhos pra ver. Bom pra quem está com crianças, pois elas se divertem bastante com as cutias que andam soltas pelo local.",,Families,,6,DATE_NULL;
8366,8366,Waldir J,Um oásis no meio da cidade,40,"Um lugar ideal pra vc passear ,levar os filhos menores. Muito verde, plantas exóticas, animais selvagens. Um lugar muito agradável. vale a pena conhecer.","Belém, PA",Families,,6,DATE_NULL;
8379,8379,Fabio P,Excelente Passeio,50,Lugar com excelente acervo de peças indígenas de séculos passados e com muitas espécies de animais da Floresta Amazônica.,"Belém, PA",Families,,6,DATE_NULL;
8385,8385,RicardoNeno,Amostra da flora e fauna amazônica,50,"O museu Emílio Goeldi trata-se de uma instituição centenária que além de ser um importante centro de pesquisas, oferece uma amostra da fauna e flora amazônica em seu parque zoobotânico. No prédio da Rocinha existem exposições de animais empalhados, imagens rupestres e cerâmica marajoara e tapajônica. O aquário está fechado para manutenção.","Belém, PA",Families,,6,DATE_NULL;
8386,8386,Noronha B,Natureza no meio da cidade,40,"Muitas espécies de animais andam soltos no parque, é um bosque no meio da cidade, parece que você nem está em belém,é um quarteirão inteiro de flora nativa  até o ar lá é diferente natureza pura, so é ruim o estacionamento, que não tem.","Palmas, Tocantins, Brazil",Families,,6,DATE_NULL;
8389,8389,luhamoy,um pequeno zoológico no centro da cidade,50,"Bem conservado com muitas plantas nativas e animais da floresta amazonica, fica na avenida mais movimentada da cidade perto da Basilica de Nossa Senhora de Nazaré.",belem,Families,,6,DATE_NULL;
8396,8396,ayumi n,"misto de zoológico, parque e reserva",50,"O Museu tem preço super acessível, é de boa localização, é quase uma floresta no meio da cidade, há muitos bichos nativos como onça pintada, tucanos, araras....Dentro do Museu preás ficam soltas, há também um jacaré ou crocodilo gigante de verdade e é muito assustador. É seguro para passear com crianças, mas deve-se sempre supervisiona-las.Há ruínas de uma construção lindíssima que lembra um castelo ou palacete, é ótimo para tirar fotos. Vale muito a pena conhecer este lugar maravilhoso!!",são paulo,Families,,6,DATE_NULL;
8404,8404,eduardo s,lindo,50,"muito legal mesmo, o que mais gostei foi o parque zoobotanico cerca de 2 mil espécimes de plantas tropicais convivem com 600 exemplares da fauna da região. Pássaros, preguiças, peixes de água doce e uma variedade de répteis e anfíbios estão distribuídos ao longo dos caminhos dessa floresta plantada. Muitos dos animais estão camuflados na vegetação.","Cascavel, PR",Families,,6,DATE_NULL;
8429,8429,RCOLIVEIRA,Simples,30,"Local que achei muito abandonado, alguns setores estavam fechados, existe lá muitos animais empalhados e na parte de fora asnimais vivos, mas com cara de tristinhos.","Salvador, BA",Families,,6,DATE_NULL;
8433,8433,A Dois Por Aí,Excelente,50,Uma boa pedida para quem quer conhecer a flora e fauna amazônica. Vale a pena conhecer o lugar. Conta com animais tanto em cativeiro quanto em liberdade e uma boa estrutura para receber o turista.,"Belém, PA",Families,,6,DATE_NULL;
8448,8448,Euvaldo L,Turismo,40,"Bem localizado e de visita muito importante e indispensável. Infelizmente está cheio de casa abandonadas em seu interior, pois constitui-se uma gigantesca estrutura, maior do que o necessário, provavelmente para servir de cabide de emprego.Recomendo a Visita.","Brasília, DF",Couples,,6,DATE_NULL;
8498,8498,Roberto M,muita cultura,50,"acredito que é um dos poucos lugares de bELÉM QUE CONSEGUIMOS SENTIR UMA conexão com a natureza, gosto muito pois lá tem muita informação sobre nossa região.","Joinville, SC",Couples,,6,DATE_NULL;
8530,8530,Claudio G,Ainda um belo passeio,50,"A última vez que havia visitado este museu tinha sido por ocasião de uma viagem que fiz à Belém em 1987. Continua sendo ainda um belo passeio para quem gosta de natureza e apreciar animais silvestres.Você pode ir só, acompanhado da namorada/esposa ou com os filhos pois será um passeio que agradará a todos.Aqui realizei meu desejo de fotografar a Vitória-Régia e as Ninfeias, uma vez que há em lago cheio delas.","São Paulo, SP",Couples,,6,DATE_NULL;
8531,8531,Ronaldo A,Para passeios em família ou entre amigos.,30,Nando Reis não vem à Belém sem passar pelo Museu Emílio Goeldi. Ótimo para passeios entre famílias/amigos.,"Belém, PA",Couples,,6,DATE_NULL;
8532,8532,crmigliati,Bem legal. ,50,"Localizado dentro da cidade de Belém e mais especificamente no centro da cidade, um passeio bem gosto. Um pedaço da floresta dentro da cidade. Conservado e bem organizado. Também conta com animais e diversidade da flora. O lago das vitórias régias é fantástico.","São Carlos, SP",Couples,,6,DATE_NULL;
8533,8533,Yuri_C_Silva,Lindo,50,"Essencialmente uma floresta no coração de Belém! Parque lindo, com um preço bem em conta. Vale muito a visita.","Brasília, DF",Couples,,6,DATE_NULL;
8535,8535,Angela Maria G,Contrato com a natureza,50,"Local lindo, limpo, organizado onde temos oportunidade de estar em contato com bichos e plantas, tem muitos bichos que circulam livremente entre os visitantes, tem também um pouco da história dos índios da região.","Balneário Camboriú, SC",Couples,,6,DATE_NULL;
8536,8536,Marcos F,Bosque,50,O Museu paraense Emílio Gueldini é simplesmente um local onde foi preservado uma parte da floresta amazônica no meio do centro da cidade de Belém do Pará. Lá poderemos encontrar uma gama de fauna e flora típicos da Amazônia paraense.,,Couples,,6,DATE_NULL;
8562,8562,Igorsnobre,muito bonito o lugar!,40,"Parque com flora e fauna bastante rica. Era possível ver vários pais com seus filhos para contemplarem a bela natureza. Na verdade é um zoológico com crocodilos, aves, tartarugas etc.","Florianópolis, SC",Couples,,6,DATE_NULL;
8578,8578,Mariana K,"Maravilhoso, sem palavras!",50,"Enorme área verde em plena região central é um centro de pesquisas com exemplares da flora e da fauna amazônicas. Entre os animais há onça-pintada, jacaré-açu, antas, macacos, cutias e lagartos - os dois últimos ficam soltos, circulando entre os visitantes nas alamedas. O aquário, o serpentário e o prédio para exposições estão em reforma. O Museu Paraense Emílio Goeldi, fundado em 1871, tem mostras temporárias. Na parte externa, as calçadas são usadas para corridas e caminhadas.","São José dos Campos, SP",Couples,,6,DATE_NULL;
8579,8579,Vera Lúcia O,Muito bom,50,"Museu dentro de um parque enorme, com passáros, peixes, alguns animais selvagens, como onça. O museu é bem interessante pois conta a história indígena e seus costumes.Tem uma lanchonete (simples) e banheiros limpos.",Nova Lima,Couples,,6,DATE_NULL;
8580,8580,Ritaumaria P,Otimo local na cidade para fugir dela,40,"Em meio a belem do transito caotico, ha um espaco aconchegante para leitura em meio a arvores centenarias sob o canto de passaros!",Wisconsin,Couples,,6,DATE_NULL;
8582,8582,Adonai Canez,É uma boa opção dentro da cidade,30,"Para quem vem visitar Belém e tem um tempo sobrando, vale a pena visitar este museu, ele tem um pequeno zoológico com alguns animais e um museu com exposições itinerantes.","Belém, PA",Couples,,6,DATE_NULL;
8604,8604,Vladia,Conhecimento e diversao para as crianças,50,"Bonito lugar com muito verde, animais e um museu. Para passear e apreciar a natureza.. Varios animais para visitação. Otimo lugar para levar as crianças aliando conhecimento e diversao. Recomendadíssimo!","Fortaleza, CE",Couples,,6,DATE_NULL;
8614,8614,Loresales,Mais bonito que o Jardim Botânico,50,"O Museu é um complexo, com animais, árvores e lagos lindos. Tem uma boa diversidade de fauna e flora, é um espaço bem cuidado. Achei esse parque mais bonito do que o bosque rodigues alves.","Salvador, BA",Couples,,6,DATE_NULL;
8615,8615,lucia-paulo,Deve ser muito bonito,40,"Durante o período de Carnaval, a cidade estava cheia de turistas e o não só o Museu como o Parque , estavam fechados, inclusive no sábado e segunda feira. Que pena!","São Paulo, SP",Couples,,6,DATE_NULL;
8652,8652,Irineu C,Uma reserva florestal dentro da cidade,40,"Um bom espaço para se conhecer espécimes da flora amazônica com sua diversidade. As vitórias-régias, aguapés, orquídeas exibem rara beleza","Manaus, AM",Alone,,6,DATE_NULL;
8662,8662,Marisilveira,Visita Imperdível,50,Visita imperdível para quem está conhecendo a cidade. Uma mistura de zoológico e jardim botânico. Garantia de uma caminhada agradável em contato com a natureza. Permite conhecer várias espécies da flora amazônica.,"Caxias Do Sul, RS",Alone,,6,DATE_NULL;
8679,8679,Geovanna S,Museu Paraense Emílio Goeldi,50,"Parada obrigatória! Uma das melhores atividades turísticas a fazer em Belém. A quantidade de história e diversidade que carrega este lugar é impressionante. As ruínas, os animais, a botânica. Tudo impressiona, é certamente um lugar relaxante e hipnotizante. Vale a pena conferir.","Belém, PA",Alone,,6,DATE_NULL;
8680,8680,Ivan A,Natureza,40,"Uma mistura de museu e parque, vale muito a pena conhecer. Veja as exposições, visite o parque, entretenha-se com os animais.",São Paulo,Alone,,6,DATE_NULL;
8682,8682,855fabiano855,TRANQUILIDADE E HISTÓRIA,50,"Além do Parque belíssimo e pequeno zoológico com animais típicos da Amazônia (onça, ariranha, jacaré, aves diversas, etc), vale a visita pelas exposições temporárias. O Museu é um dos mais antigos centros de pesquisa do Brasil, datado de meados do século XIX!!","Belém, PA",Alone,,6,DATE_NULL;
8698,8698,christina_paciuli,Uma tarde na Mini Floresta Amazonica,50,"Com suas árvores colossais, as vitórias régias nos lagos, os  jacarés se aquecendo ao sol,garças, onças, pássaros variados, visitar o Parque Emilio Goeldi é como ter a oportunidade de conhecer um pouco da Floresta Amazonica! Adorei!","Pouso Alegre, MG",Alone,,6,DATE_NULL;
8760,8760,Michel,"Muito bom, ainda mais pela localização.",40,"Na verdade é um parque com um pequeno zoológico, uma biblioteca e um casarão local de exposição não permanente. Sai da missa na Basílica de Nossa Senhora de Nazaré e caminhei por uns três quarteirões até o local. Valor cobrado irrisório de R$ 2,00, então vale e muito a visita. Lugar agradável, muitos bichos. Pena que a biblioteca estava fechada (domingo) gostaria de ter visto algumas obras de escritores locais.","São José dos Campos, SP",Business,,6,DATE_NULL;
8777,8777,Luana G,Fauna local,50,"O Museu possui exemplares de onças, jacarés, ariranhas e vários pássaros da fauna local. Vale a visita!",,Business,,6,DATE_NULL;
8778,8778,SanchezMendes,Excelente,50,Passeio imperdível em Belém! O museu tem boas exposições e um jardim botânico incrível. Garantia de boas fotos e momentos inusitados com os animais.,"Niterói, RJ",Business,,6,DATE_NULL;
8791,8791,Sidnei L,"""Lindo""",50,"O contato com a natureza neste museu e sem igual, o cheiro da mata nos faz viajar. Simplesmente maravilhoso, meu filho adorou ver o Peixe Boi de pertinho e também amou a Arara dançarina.",,Business,,6,DATE_NULL;
8807,8807,Ribeiro303404,Atrações turistas,50,"Cidade de Belém do Pará Brasil, Estações das docas, Museu Emilio Guedes, Mangal das Garças, Teatro da Paz, Bosque Rodrigues Alves,Catedrasl de Nazaret,Forte do Castelo,ETC,","Belém, PA",Business,,6,DATE_NULL;
8815,8815,nitabarbosa50,Centro de conhecimento bastante atrativo,50,"Não se pode perder uma visita ao Museu Emílio Goeldi é no centro  da cidade pertinho da basílica de Nazaré,tem animais,plantas amazonenses e até aquários com os diversos tipos de peixes.","Recife, PE",Friends,,6,DATE_NULL;
8816,8816,Diego M,Incrível,50,"Não vá com pressa!O lugar é cheio de animais e plantas da região amazônica, o passeio vale muito a pena, mas leva certo tempo para ver tudo.","Itapema, SC",Friends,,6,DATE_NULL;
8820,8820,iosele,Conhecimento da Natreza em pleno Belem,50,"o local reúne no centro de belém grande parte da flora e fauna da região amazônica, alem de exposição das primeiras populações","Belém, PA",Friends,,6,DATE_NULL;
8860,8860,314Cilce,horas preciosas,50,"muito bem organizado, com informaçoes claras e acessiveis ao publico em geral Unico problema é que a lanchonete estava fechada e o calor era muito","Cuiabá, Mato Grosso, Brazil",Friends,,6,DATE_NULL;
8861,8861,Vall Mendess,Um lindo parque com muita historia!!,40,"No coração de Belém, um lindo parque, com muitos exemplares de fauna e flora dá Amazonas. Vale agendar uma manhã. 4 reais a entrada.","Campinas, SP",Friends,,6,DATE_NULL;
8885,8885,Eduardo F,imperdivel,50,"Local que não pode deixar de ser visitado....único. ..flora e fauna únicas e não vistas em nenhum outro lugar....peixe boi,porque peixe elétrico, e outros.....Vale a pena","São José dos Campos, SP",Friends,,6,DATE_NULL;
8916,8916,Wellingtonjinkings,MUSEU,50,"Um lugar perfeito para quem gosta do contato com a natureza, um lugar ótimo para quem procura descanso e sossego. Apesar de ser numa das avenidas mais movimentadas de Belém, quem está dentro não ouvi nada de Fluxo de carros. É muito bom !",,Friends,,6,DATE_NULL;
8918,8918,diferama,Imperdível; mas deveria ter mais investimento.,40,"Interessantíssimo. No coração da cidade uma pequena amostra da magnitude amazônica. Porém, o choque já começou no preço. Como manter um espaço daqueles com ingressos a R$ 2? Me recusei a pagar meia entrada. Muito bem cuidado, embora - como dito! - pudesse ser melhor, o lugar apresenta jacarés, onças, pássaros etc. da fauna e muitas outras espécies da flora. O aquário - infelizmente - estava fechado pra reforma. Voltaria pra conferir...","Porto, Portugal",Friends,,6,DATE_NULL;
8928,8928,kely n,Regular,30,"É um ambiente que possuem especies de animais variados porém que necessita melhorar alguns espaços e terminar determinadas reformas , mas que sempre procura trazer exposições e sendo bem visitado aos finais de semana .","Belém, PA",Friends,,6,DATE_NULL;
8966,8966,Renatto M,Vale a pena,50,"Muito bom, semelhante ao Parque Zoobotânico Municipal, mas com mais variedade, na minha opinião! Tem exposição de artefatos indígenas, pintura rupestre, animais em cativeiro e outros de vida livre, etc. Atente ao cativeiro no jacaré, lá se encontra um indivíduo com uns 3 metros, o maior que já vi na vida.",Ananindeua,Friends,,6,DATE_NULL;
8967,8967,Alvany Pires C,Parque Ecológico,50,"Local aconchegante, para visitar, passear, descansar, muitas árvores de várias espécies. Como não poderia faltar, os animais.Comidas típicas do lugar, lanches.Muito gratificante para arejar a mente.",,Friends,,6,DATE_NULL;
8985,8985,Irvem,Visita ao Museu,50,"Uma das melhores atração de Belém.E tudo muito lindo, e possível ver animas soltos pelo local.Visitando tal local, ta pra conhecer bastante sobre a flora e fauna da região amazônica.Recomendo uma visita com a família.","Navegantes, SC",Friends,,6,DATE_NULL;
9028,9028,Maria Silvia S,Bom,40,"O Parque Emilio Goeldi já foi um marco na vida de Belém.  Tem uma vegetação nativa MARAVILHOSA!  Ele está um pouco sem cuidado, com jeito de pouco cuidado na limpeza e manutenção das vias de acesso, nas placas indicativas, na orientação ao turista. Mesmo assim vale muito a pena conhecer este marco tão importante.","São Paulo, SP",Friends,,6,DATE_NULL;
9033,9033,Kyle E,Zoológico de Sombrio com cooped up animais,20,"O jardim zoológico senti que pertenceu nos anos 70 -- e não tinham sido actualizadas desde então. O cenário é muito bom com todas as árvores, protetores de lily, e cutias semi-selvagens correndo em volta. Mas eu estava desligado por uma tristeza jacaré, jaguares, papagaios, harpia, etc., em pequenas caixas. Acho que seria um bom lugar para caminhar -- algumas áreas verdes na cidade--se não fossem todos os animais colocados em gaiolas.","Winnipeg, Canadá",Friends,,6,DATE_NULL;
9038,9038,Minerva A,Beleza de arquitetura,50,"Vele a pena conhecer o teatro da Paz, sua arquitetura é inspirada no teatro Scala de Milão. Fica no centro da Praça da República em Belém do Pará, é cercado por muito verde, frondosas mangueiras.",,Families,,10,DATE_NULL;
9045,9045,jcwcavalcante,Belissimo teatro,50,Teatro centenário do periodo da belle epoque construido pelos barões da borracha. Imperdível sua visita monitorada que dura 40 minutos. Faça de manhã e se tiver algum espetáculo em cartaz volte à noite pois ele é ainda mais belo. Ele tem como modelo o teatro de Milão. Muito elogiado pela acústica de todos os maestros e atores que tiveram peças neste teatro,"Belém, PA",Families,,10,DATE_NULL;
9092,9092,Rita de Cássia ... M,Suntuoso,40,O teatro da paz é um dos edifícios mais importante da Cidade de Belém. O Teatro teve sua fachada teve algumas alterações e suas linhas neoclássicas permanecem intactas.,"Belém, PA",Families,,10,DATE_NULL;
9093,9093,ENuayed,O passado convivendo com o presente,50,"De arquitetura neoclássica,  inaugurado em 1878, é uma jóia rara da cidade de Belem. Por fora lembra muito o teatro Amazonas  e por dentro é como se nos transportasse-mos para um filme. Reliquias do ciclo da borracha, as estruturas internas são requintadas e conservadas, cortinas de veludo, bordas douradas.  A acústica maravilhosa traz grandes espetaculos à Belém,  como o festival de Ópera. De facil acesso, localizado no coração da praça da Republica,  rua da Paz. Vale muito a pena conhecer.",,Families,,10,DATE_NULL;
9094,9094,jean c,Teatro,50,"Um símbolo da época áurea da borracha, confesso que fiquei muito encantado com a história do teatro é uma boa pedida para conhecer uma pouco da cultura paraense.","Belém, PA",Families,,10,DATE_NULL;
9105,9105,jairmelo7,"Um espaço belíssimo, porém mal administrado",40,"O teatro da Paz, nos áureos tempos da borracha já foi palco de famosas companhias de dança, orquestras e óperas, que passavam primeiro por aqui, para depois alcançarem as demais regiões do país. Atualmente, continua sendo um impressionante monumento arquitetônico, com pinturas e acústica incríveis, porém pessimamente administrado. Fica por longos períodos fechado, sem pauta, sem programação. As visitas monitoradas são raras e pouco instrutivas. Não há uma lojinha de souvenirs para os visitantes, não há guias capacitados para contar as fantásticas histórias que envolvem esse lindo espaço. Vale a pena visitar, apesar de todos os contras, como por exemplo, falta de cantinas, estacionamento privativo e guias especializados.","Belém, PA",Families,,10,DATE_NULL;
9158,9158,EdnaNeiva,Lindo!,50,"Um dos teatros mais bonitos do Brasil você tem em Belém, Pará. É um dos orgulhos do povo paraense poder contar com essa maravilha. Não deixe de visitar quando for a Belém.","Belém, PA",Families,,10,DATE_NULL;
9179,9179,Jocimar C,Exemplar.,40,"Uma bela e digna obra que encanta a Praça da República. Fiz uma breve visita durante a feira de domingo que acontece na praça. O ambiente é encantador, com muito luxo e requinte,","Camaçari, BA",Families,,10,DATE_NULL;
9181,9181,luhamoy,Monumento da época do ciclo da Borracha,50,"Mito bem conservado, fica em uma praça que aos domingos tem uma feira livre, lindo por dentro, os espetáculos são ótimos vale conferir",belem,Families,,10,DATE_NULL;
9218,9218,RCOLIVEIRA,Agradável,40,"Teatro não é muito grande, mas existe uns estagiários muito simpáticos que falam a respeito da construção do teatro. Lembra o teatro de Manaus.","Salvador, BA",Families,,10,DATE_NULL;
9223,9223,Nubia Cristina M,Super bonito,40,"o teatro e lindo demais, sua estrutura lembra o tempo da borracha onde prevalecia a riqueza da epoca","Belo Horizonte, Minas Gerais, Brazil",Families,,10,DATE_NULL;
9232,9232,Mayra Abreu,Lindo ,50,Fiz o tour guiado e fiquei impressionada com o espaço e com l guia.Aprendi muito sobre Belém  e fiquei encantada com a beleza do teatro,"Sete Lagoas, MG",Couples,,10,DATE_NULL;
9235,9235,Jéssica Arruda,Ótima visita guiada,50,"Infelizmente não tive como assistir a um espetáculo no local, mas fiz a visita guiada numa quarta-feira (grátis nesse dia, fica a dica) e não tenho do que reclamar. A monitora passa pelos locais, conta algumas histórias, interage bastante com o público e nos deixa perguntar. Super recomendo! E o local é bem bonito.","Belém, PA",Couples,,10,DATE_NULL;
9261,9261,Wellyngton O,História viva.,50,"Impossível entrar nesse lugar e não ficar impressionado com sua beleza. Os tempos áureos do ciclo da borracha deixaram belas marcas na cidade de Belém, o Teatro é uma delas. O luxo e o bom gosto estão por toda parte, desde o hall de entrada onde há bustos esculpidos em mármore carrara dos escritores brasileiros José de Alencar e Gonçalves Dias  até o teto do teatro, onde há uma linda pintura que mescla a mitologia greco-romana com a amazônica, simplesmente genial.",,Couples,,10,DATE_NULL;
9269,9269,Ana C,Maravilhoso,50,"Fiz uma visita guiada pelo Teatro durante o dia e ela ficou ainda mais especial pois a orquestra estava ensaiando e foi possível assistir uma parte do ensaio. O local é fabuloso, desde a entrada, todos os detalhes são interessantes. Acho legal fazer a visita com o guia para ouvir as história do lugar e poder imaginar como eram as coisas há mais de 100 anos atrás. A visita custa $6 por pessoa e não precisa agendar antes, mas tem que verificar o dia da semana para ter certeza que vai ter a visita.Uma pena ter o entorno todo em reforma, há mais de 1 ano. A praça toda cheia de tapumes tira um pouco o encanto, mas não chega a atrapalhar. Tem algumas vagas para estacionar em volta, mas tem que pagar flanelinhas.Cuidado com bolsas, celulares e máquinas fotográficas do lado de fora.","Curitiba, PR",Couples,,10,DATE_NULL;
9270,9270,Sandra S,Maravilhoso!,50,Muito bonito e bem cuidado.Vale a pena visita guiada .Grupos a cada hora.Gratuita.Enriquece o passeio sabermosda história local,"Maceió, AL",Couples,,10,DATE_NULL;
9297,9297,Alberto T,Momento Cultural,50,"Pense em um lugar que te transporta a um passado glorioso, quando Belém respirava ares europeus. As atrações aqui apresentadas são simplesmente fantásticas.","Belém, PA",Couples,,10,DATE_NULL;
9301,9301,ExploraVida,Maravilhoso,50,"É uma pérola paraense. Quem estiver na cidade no mês de agosto pode conferir o festival de ópera da cidade, que no dia da abertura e do encerramento são gratuitos pois acontecem na frente do teatro ao ar livre. E nas terças feiras a visitação e gratuita!!!",,Couples,,10,DATE_NULL;
9305,9305,crmigliati,Literalmente um espetáculo. ,50,O primeiro teatro do Brasil. Construído quando o Norte do país era responsável pelo desenvolvimento da nação em função da borracha. De impressionante magnitude e estilo único.,"São Carlos, SP",Couples,,10,DATE_NULL;
9308,9308,Juliana Re,Bonito,30,"O Teatro é bem bonito, mas bem simples. As ruas e a praça ao redor dele são bem feias e mal frequentadas. A feirinha que tem ali na região é totalmente dispensável! Nada interessante e especial.","Porto, Portugal",Couples,,10,DATE_NULL;
9318,9318,Eduardo B,INIGUALÁVEL,50,"Teatro lindo demais, ainda conserva sua histórica arquitetura. Fui assistir a um concerto musical de orquestra sinfônica, foi esplêndido. A acústica é muito boa!","Belém, PA",Couples,,10,DATE_NULL;
9331,9331,Igorsnobre,vista deslumbrante da arquitetura.,40,"Pena que no dia q fui ao teatro estava tendo uma manifestação contra o governo Dilma, com isso o Teatro estava fechado. De longe você pode ver sua belíssima arquitetura. É muito bonito mesmo.","Florianópolis, SC",Couples,,10,DATE_NULL;
9338,9338,Priscila W,Lindo passeio histórico,50,"As visitas guiadas acontecem ao longo do dia e são super baratas - pagamos 5,00 para duas pessoas. O local é belíssimo e super bem conservado. Durante a visita, aprendemos muito sobre a história do Teatro e da própria cidade de Belém; o teatro, construído com o dinheiro da borracha no século XIX, é lindíssimo. Especial destaque para as placas originais, com grafia antiga e regulamentos da época.","Fortaleza, Ceara, Brazil",Couples,,10,DATE_NULL;
9345,9345,Reginaldo L,excelente teatro onde assistimos uma opera magnifica,50,"O teatro, muito luxuoso, com otima acustica, atendentes educados e muito bem localizado no centro da praca da republica, em frente ao hotel hilton belem, situado no centro da cidade.  PONTO TURISTICO QUE DEVE SER VISITADO POR QUEM FOR A BELEM do Para....","Vitória, ES",Couples,,10,DATE_NULL;
9369,9369,Luiz C,Lindo e ainda em funcionamento,40,"Pra quem visita Belém, vale muito a pena conferir a programação do Theatro da Paz antes de viajar. Sim, porque o local não é apenas pra se visitar e olhar como é bonito. Ainda é possível ver peças por ali, e aí sim o lugar se mostra por completo, especialmente à noite, com suas luzes acesas, seus imensos lustres. Em minha estadia pude assistir à peça ""Bar do parque"", que homenageia um bar que fica exatamente ao lado do teatro, de nome homônimo à peça, e que recebe intelectuais, prostitutas, bêbados, e todo tipo de gente. A peça é toda feita com atores locais, alguns de cidades pequenas próximas à Belém.Independente de qual seja a peça, vale a pena conhecer o teatro em sua plenitude, e não apenas como um prédio bonito.","São José dos Campos, SP",Couples,,10,DATE_NULL;
9370,9370,MuriloDeolino,Um ambiente retrô,40,"Ao entrar no Teatro da Paz você se sente no ciclo da borracha, é tanta riqueza investida ali. Desde o piso ao teto dá pra notar a preocupação com os detalhes. As visitas são guiadas e é bem baratinha,é um passeio histórico.","Salvador, BA",Couples,,10,DATE_NULL;
9371,9371,Luciana E,Espetacular,50,"Não deixe de realizar a visita guida, é exuberante e luxuoso, mostra o esbanjamento do período 1800.","Fortaleza, CE",Couples,,10,DATE_NULL;
9372,9372,tania h,Sensacional!!!,50,"Fiquei pasma,com tanto luxo e riqueza!!!!Parecia que me desloquei no espaço e tempo.O Guia demonstrou muito conhecimento e o preço da entrada não foi caro!!!","Belo Horizonte, MG",Couples,,10,DATE_NULL;
9373,9373,Simone Magda C,Visita Obrigatória,50,O Teatro da Paz em Belém é visita obrigatória para quem gosta de cultura e arte. Muito bem conservado e representa o glamour da época da borracha no final do século XIX.,"Campinas, SP",Couples,,10,DATE_NULL;
9374,9374,Frederico S,Fechado no Feriado,20,"Fui no Carnaval, para Belém e a melhor atração da cidade estava fechado. Uma decepção ficar só com fotos do exterior do Teatro. Uma pena que uma cidade não respeite os turistas.","Lorena, SP",Couples,,10,DATE_NULL;
9375,9375,Loresales,riqueza retrô,50,"Um teatro muito bonito! cheio de detalhes em ouro e ferro, as luzes, as cortinas, os lustres tornam o lugar charmoso. A sala principal não é tão grande, mas é lindíssima ! Vale a pena uma visita, se puder assistir um espetáculo melhor ainda.","Salvador, BA",Couples,,10,DATE_NULL;
9376,9376,lucia-paulo,Fechado,30,"Durante o período de Carnaval, a cidade estava cheia de turistas e o Teatro da Paz, tradicional em Belém Fechado, inclusive no sábado e segunda feira .","São Paulo, SP",Couples,,10,DATE_NULL;
9404,9404,FabiAlenc,Parada obrigatória,50,"Moro em belém e fui ao teatro apenas duas vezes, não curto muito esse tipo de passeio, confesso que fiquei de queixo caído ao entrar, a arquitetura é linda, senti o glamour aos meus pés, por um momento me teletransportei ao passado e me vi em um filme antigo! Não perca a oportunidade de apreciar o Teatro, não é tão grande, mas, é muito esplendoroso. Belém tem sim seu charme, tem preciosidades muito bem guardadas nessa capital!!","Belém, Para, Brazil",Couples,,10,DATE_NULL;
9407,9407,OZ_Mona,Não perca!,50,"Fácil de explicar: eu achei o Teatro da Paz em Belém mais bonita e interessante que a Manaus Opera House. com mais de seu famoso primo, ela certamente tem classe e é mantido em boa forma. A taxa de entrada era quase simbï¿ ½ica e o nosso guia foi eficiente e falava inglês fluentemente. Uma surpresa muito agradável como estávamos a passear pela praça e não esperávamos o teatro que é aberto ao público.",Cairns,Couples,,10,DATE_NULL;
9409,9409,Ramenmuncher,Destaque de Belém,40,O teatro está situado em uma agradável praça em uma boa parte de Belém. É bastante interessante ver como este edifício está ornamentado com o estado de algumas das restante da cidade. Bem interessante verificar-se.,"Brisbane, Austrália",Couples,,10,DATE_NULL;
9453,9453,Antonio P,Teatro mais bonito de Belém,50,Até hoje o teatro reflete o que foi o ciclo da borracha em Belém. Possui festival de ópera anual e visitas guiadas (as quinta são gratuitas).,,Alone,,10,DATE_NULL;
9460,9460,Marco S,Um marco histórico do ciclo da borracha,30,"O belo teatro do final do século XIX exibe a riqueza e ostentação dos seus idealizadores (os barões da borracha). Localiza-se na conhecida (e descuidada) Praça da República.Visitas guiadas de hora em hora, com 1 hora de duração. Entrada: R$6,00Detalhe: fique atento para outras atividades culturais no teatro, expostas na bilheteria; algumas pagas, outras gratuitas.","São Paulo, SP",Alone,,10,DATE_NULL;
9462,9462,David P,Lugar único ,50,Gostei muito da visita guiada. Vale muitou a pena. Cada parte do lugar remete ao passado. Existem espetaculos periódicos gratuitos. Simplesmente incrível,"São Paulo, SP",Alone,,10,DATE_NULL;
9484,9484,Katia T,Visita guiada imperdível,50,"O teatro é muito bonito. Foi construído com inspiração no Teatro Scala de Milão. Conhecer sua arquitetura e decoração em uma visita guiada é uma ótima oportunidade para aprender sobre história e arte no Brasil. Muitos detalhes interessantes. A visita guiada é feita de hora em hora. Teatro fechado às segundas. Vale conferir os horários no site do teatro. A visita guiada dura cerca de 40 minutos, que passam num piscar de olhos. Quando fui, o ingresso custou 4 reais. Na entrada, um balcão vende algumas recordações do teatro (a camiseta, a 25 reais, é muito bonita). Um dos melhores passeios que fiz em Belém.",,Alone,,10,DATE_NULL;
9496,9496,Raimundo F,Excelente,50,Monumento do período áureo do ciclo da borracha. Obra do grande arquiteto Antônio landi. Digno de visitação,"Brasília, DF",Alone,,10,DATE_NULL;
9507,9507,andcouth,Apresentação,50,"Eu não fui ao teatro de dia, mas fui assistir a uma apresentação da ""Orquestra Sinfônica do Teatro da Paz"", e o que é melhor entrada franca, o teatro em si é muito bonito, com pinturas e ornamentos que nos remetem ao passado, vale muito a pena visitar esse lugar.","Florianópolis, SC",Alone,,10,DATE_NULL;
9509,9509,BelChuva,Uma caixinha de jóias da época do Ciclo da Borracha,50,"Parece um pequeno Teatro Amazonas. Visitas guiadas as 10:00, não perca. Por R$4,00 o Max nos mostrou cada detalhe do teatro, no dia havia ensaio da orquestra que a noite faria o ""show"" , uma ópera de Puccinni, La Traviata.Muito bem conservado, compre um lembrança na lojinha, de livros a lápis, camisas a bolsas.",,Alone,,10,DATE_NULL;
9543,9543,Fulvio Delavi pelo mundo,Um lugar pra conhecer e revisitar ,50,"Sempre um passeio interessante. Não é a primeira vez que visito o Teatro, mas o encanto continua. Muita história contada entre estas paredes.",,Business,,10,DATE_NULL;
9549,9549,mario_andrade,Lindo e bem conservado,50,"Lindo teatro, inspirado no Teatro Scalla de Milão, construído nos tempos áureos da borracha. É possível ver em todo o teatro elementos de decoração vindos da Europa, tudo muito bem conservado ou restaurado. A visita guiada é gratuita. Imperdível.","Aracaju, SE",Business,,10,DATE_NULL;
9550,9550,katiaacioli,historico,40,"predio de valor histórico, com uma arquitetura rara encontrada no Brasil. todos esses predios deveriam ter uma excelente conservação","Fortaleza, CE",Business,,10,DATE_NULL;
9551,9551,SONIA B,MAGNÍFICO,50,"É um teatro muito bonito e histórico, fica no centro da cidade, de fácil acesso, possui visitas guiadas pela manhã e tarde, se tiver sorte de visitá-lo no horário em que a orquestra do teatro estiver ensaiando será uma oportunidade única.As terças feiras há visitação grátis.É um teatro rico em detalhes, grande e conservado.","Belém, PA",Business,,10,DATE_NULL;
9559,9559,MatheusTijuca,Arte sempre tem espaço...,40,"Uma parada obrigatória pela cultura é sempre bom sobretudo num local bem cuidado e bonito, a visitação com guias é uma aula de história com imagens e relatos dos tempos do ciclo da borracha.","Rio de Janeiro, Rio de Janeiro, Brazil",Business,,10,DATE_NULL;
9565,9565,DanielCabral C,O TEATRO MAIS BONITO DO NORTE E NORDESTE!,50,"O teatro da paz, um grande simbolo da época da Bele Epoquê , o período da extração da borracha em belém, um local feito no seculo XXIII, muito conhecido no mundo.","Belém, PA",Business,,10,DATE_NULL;
9577,9577,Maria L,Ótima arquitetura,50,"Com uma belíssima e conservada arquitetura, o Teatro da Paz é um local histórico, que até hoje abriga grandes apresentações. A acústica do local é divina!","Fortaleza, CE",Business,,10,DATE_NULL;
9590,9590,Lilian R,Muito bonito,40,"Muito legal e tem um dia da semana que tem apresentação gratuita da Orquestra Sinfônica. É lindo""!!!!","Brasília, DF",Business,,10,DATE_NULL;
9591,9591,JOSE T,teatro,50,"Que construção maravilhosa , que verdadeira obra de arte em plena capital paraense. Um visita obrigatoria para que visita a cidade",MANAUS,Business,,10,DATE_NULL;
9597,9597,Ataulfo R,"Beleza, História e Cultura",50,"O teatro da paz em belém é simbolo da exploração da borracha pois, ele foi construído na apogeu da exploração e possui estrutura arquitetônica impar, com detalhes em ouro, a arte ali empregada faz com que sua beleza seja contemplada e nunca mais esquecida.",Manaus,Business,,10,DATE_NULL;
9604,9604,AlexCostaRecife,Programação variada,40,"Gostei da praça da República onde fica localizado o Teatro, uma maravilha!",Recife,Business,,10,DATE_NULL;
9616,9616,PeterSorger,Reforma,50,Parte obrigatória quando estiver em Belem!! Toda história de uma grande época de riqueza e cultura se expressa nesse local.,"São Paulo, SP",Friends,,10,DATE_NULL;
9620,9620,iosele,teatro inimaginável na floresta amazônica,50,"a arquitetura e suas atividades programadas (visitas turísticas, ciclo de operas, espetáculos teatrais, concertos) são de alto nivel","Belém, PA",Friends,,10,DATE_NULL;
9642,9642,Carmen C,Patrimônio cultural imperdível.,50,"Teatro fundado em 1878, na época áurea da borracha na Amazônia, em excelente estado de conservação, mantém-se vivo com apresentações mensais da Orquestra Sinfônica e da Amazônia Jazz Band. Recebe também espetáculos de artistas externos e abriga o Festival de Ópera anual. Mantém ainda atividades didáticas para crianças e adolescentes. Situado na bela Praça da República que abriga coretos Art Nouveau e estatuária do século XIX e início do XX constitue-se em patrimônio cultural que deve ser visitado.","São Paulo, SP",Friends,,10,DATE_NULL;
9662,9662,Mauro Martins,Espetacular,40,"Um dos teatro tradicionais do país. Visita indispensavel pra quem vem conhecer Belém. Porém, area externa bastante perigosa com furtos e roubos.","Belém, PA",Friends,,10,DATE_NULL;
9663,9663,Helen Brite,As óperas e concertos da orquestra sinfônica são mágicos ,50,Toda vez que entro no Teatro da Paz sinto que estou voltando no tempo ou entrando em O Fantasma da Ópera. Acho incrível esse teatro! Ele também dispõe de visitas guiadas aos domingos até as 11h. Você pode comprar o ingresso de visitação na bilheteria e receber uma orientação completa sobre a história do teatro e sei significado. Vale muito a pena!,"Belém, PA",Friends,,10,DATE_NULL;
9670,9670,Tailma L,Teatro,50,"Sem duvidas o melhor teatro da região, genteeeee que estrutura é essa!?Chiquérrimo, amei!Na minha opinião o melhor da região!","Belém, PA",Friends,,10,DATE_NULL;
9674,9674,MonicaGliceria,Theatro da Paz,50,Fui visitar e estava tendo ensaio da orquestra sinfonica!!! Foi simplesmente emocionante! Compensa esperar no saguão para fazer a visita guiada,,Friends,,10,DATE_NULL;
9701,9701,Helder X,Retorno ao passado,50,"Trata-se de um lindo prédio art nouvea, que leva aos tempos em que Belém era conhecida como Paris nAmérica, nos áureos tempos da borracha.Imperdível.","Belém, PA",Friends,,10,DATE_NULL;
9702,9702,Ian R,Muito lindo,50,"Teatro incrível. Perfeito pra quem gosta de arquitetura e história do lugar. O lugar conta a história da cidade de Belém e do estado do Pará. Onde, no passado, no alge do período da Borracha a cidade e o estado foram um dos maiores exportadores de latex do país. Com isso, ouve uma imigrcao muito grande imigrantes e outros países do mundo, principalmente da Europa. E o Teatro é uma das heranças desse período. Vale a pena conhcer.","Santarém, PA",Friends,,10,DATE_NULL;
9705,9705,Marcelle M,Arquitetura e bom gosto ,50,"Mundos mais belos Teatros que já conheci ! Construído na época da borracha, o teatro possui uma beleza interna magnifica. Verifique que na época que vc for conhecer não está ocorrendo alguma programação cultural e gratuita ! Tem ocorrido bastante evento nele !","Belém, PA",Friends,,10,DATE_NULL;
9709,9709,Daisy T,Magnífico ,50,Local lindo. A visita é praticamente obrigatória. Muito bem conservado e com guias  turísticos  qualificados.,,Friends,,10,DATE_NULL;
9776,9776,LeticiaPinheiro,"Se não for para espetáculo, faça uma visita monitorada",50,"Sempre com a melhor programação, grande parte gratuita. O teatro é belíssimo e casa de artistas paraenses, e passagem para grandes artistas nacionais e internacionais. Vale muito assistir algum espetáculo ou fazer uma visita monitorada.","Belém, PB",Friends,,10,DATE_NULL;
9800,9800,IvanBarbosa85,Uma relíquia da cidade,50,"O teatro fica localizado numa das praças mais tradicionais da cidade de Belém. Deve-se ter muito cuidado ao ir para o local pois a praça é muito frequentada por hippies e moradores de rua. Muitos assaltos ocorrem durante a noite. Quanto ao local, a arquitetura é magnifica e grandes artistas paraenses já passaram pelo palco do teatro. Atualmente, muitos eventos de música e dança ocorrem no local fazendo da programação anual bem interessante.","Castanhal, PA",Friends,,10,DATE_NULL;
9809,9809,Maria Silvia S,Um show!,50,"Se voce for quando não houver um espetáculo sendo apresentado no belíssimo Theatro da Paz, vá ao menos fazer um tour e conhece-lo por dentro.","São Paulo, SP",Friends,,10,DATE_NULL;
9822,9822,Nelma Freitas,Fantástica,50,"A Basílica é um lugar fantástico, uma volta no tempo. Além de ser referência de fé para o povo paraense, pois é nela e a seu redor que no mês de outubro mais de  milhão de pessoas vem agradecer as graças alcançadas por intermediação de Nossa Senhora de Nazaré. A Basílica é cheia de significados para o povo paraense","Rio de Janeiro, RJ",Families,,1,DATE_NULL;
9830,9830,Sonia R,Igreja muito bonita,50,"A igreja é muito bonita, possui visita guiada, a imagem autentica da Nossa Senhora de Nazaré se encontra no altar.","São Lourenço, MG",Families,,1,DATE_NULL;
9831,9831,Cris A,Imperdivel uma visita a basilica!,50,"Assistimos a missa na Basilica. Belissima por dentro, toda climatizada. Enorme! Vale a pena conhecer!","Belém, PA",Families,,1,DATE_NULL;
9871,9871,Keli S,Linda igreja,50,"Recomendo muito a visita. A igreja é linda e enorme. É de passagem obrigatória para quem visita Belém, com certeza.","Birigüi, SP",Families,,1,DATE_NULL;
9876,9876,Andrés G,Sábado na Basílica sem sufoco e sem incomodar,50,"Decidimos ir à Basílica no sábado pela manhã, uma boa caminhada desde o hotel Atrium. A beleza e exuberância da arquitetura, pinturas e vitrais é grandiosa. Um calmo passeio por todas as suas dependências sem nada pagar ou ser incomodado por guias e nem mesmo incomodar os religiosos foi gratificante.","João Pessoa, PB",Families,,1,DATE_NULL;
9901,9901,JacquelineFS,"Belissima, simbolo da fé paraense!",50,"Lugar super bem conservado, com excelente estrutura e com uma simbologia impagavel sobre a cultura paraense! Visita mais que obrigatória","Cracóvia, Polônia",Families,,1,DATE_NULL;
9927,9927,Carlos Wellingt... A,Imperdível!,50,Linda e imponente! A Basília de Nossa Senhora de Nazaré é um marco da fé católica para o povo paraense. Mesmo os não católicos ficarão impressionados com a beleza.,"Belém, PA",Families,,1,DATE_NULL;
9937,9937,Mario P,Excelente,50,Linda a igreja. Enorme e muito bem cuidada. Povo com muita fé. Vale a penar perder tempo e ficar curtindo seu interior.,Estado de São Paulo,Families,,1,DATE_NULL;
9939,9939,claudio_byte,Visitar a Basílica de Nossa Sra. De Nazaré é compartilhar da fé do povo em Deus.,50,"Só pela magnitude da basílica já seria um passeio e tanto. Mas, próximo à basílica, em frente,  há um museu (creio ser a Casa de Plácido que foi que encontrou a imagem da santa), que resume com objetos, quadros, imagens a procissão do Círio de Nazaré. Lá encontramos voluntários super atenciosos que nos introduziram na cultura e no imaginário do que representa a fé para os belenenses e para os devotos de todo o mundo. Tudo pelo valor simbólico de R$ 2.00 (Dois reais).",,Families,,1,DATE_NULL;
9940,9940,cizalimacarioca,Muita emoção,50,"Lugar de pura Fé, onde as pessoas sentem muita emoção por poder ver a imagem de Nossa Senhora de Nazaré.Tem lojinha onde você pode comprar e abençoar as peças e da de presente para pessoas queridas.","Brasília, DF",Families,,1,DATE_NULL;
9942,9942,Luciana C,Religioso,50,"Para quem é católico ou quer conhecer um pouco mais sobre o Círio de Nazaré, visita imperdível. Lá você terá a oportunidade de ver a imagem original de Nossa Senhora de Nazaré, encontrada pelo caboclo Plácido,e que só desce do Glória duas vezes ao ano: Círio e no mês de maio em comemoração ao mês mariano e a transformação da igreja em Santuário.","Rio de Janeiro, RJ",Families,,1,DATE_NULL;
9943,9943,Jorge A,Linda igreja.,40,"Grande, com pinturas bem acabadas, com bastante imagens de outros santos. Um símbolo da fé cristã no Pará em devoção à essa santa.",,Families,,1,DATE_NULL;
9944,9944,Renata N,Muito linda!,50,"Igreja antiga e muito bem conservada, com ar condicionado eum pároco divertidíssimo! Uma das igrejas mais bonitas que já conheci.",,Families,,1,DATE_NULL;
9989,9989,Hernan Franz R,Basílica Santuário de Nazaré,40,"Uma igreja muito bonita, muito bem conservada. Local de encontro dos fiéis e frequentadores do famosíssimo Círio de Nazaré, que ocorre todos os anos no segundo domingo do mês de outubro. Portais em bronze, lindíssimos, muito bem feitos, a perfeição nos detalhes é ímpar. Quanto ao tempo a ser gasto, depende se vai assistir a uma missa ou não.",,Families,,1,DATE_NULL;
10070,10070,jean c,Santificado seja seu nome Sta. Nazaré.,50,"Um dos passeios mais bonitos que fiz, a história de Belém passa por essa magnífica Basílica com suas lenda e paixões de um povo humilde.","Belém, PA",Families,,1,DATE_NULL;
10074,10074,Larissa F,Linda!,50,"A igreja é simplesmente linda, num estilo de epoca marcante. Toda reformada do chão ao teto. Possui ar condicionado. Há local para estacionar em via pública e uma praça bem em frente a igreja chamada de CAM,onde acontecem missas e shows tambem, como se fosse extensão da igreja.",,Families,,1,DATE_NULL;
10078,10078,Gui-Melo,Muito bonito,40,"Igreja muito bonita localizada na parte antiga da cidade, local revitalizado e bem conservado, vale a pena conhecer.",,Families,,1,DATE_NULL;
10080,10080,Wendell_Harley,Ave Senhora da Berlinda!,50,"Estar na casa da Mãe do Céu é algo inexplicável. Visitar a Basílica Santuário é sempre uma renovação de fé e um momento de íntimo contato com Deus, sentindo sua presença em todos os momentos. Nossa Senhora de Nazaré tem o poder de irmanar milhões de pessoas. A missa da tarde é um convite  estar mais próximo de Deus.","Manaus, AM",Families,,1,DATE_NULL;
10081,10081,Vanna C,Linda,50,É um ponto de visita obrigatório para quem quer conhecer a cidade e sua cultura. A arquitetura é muito bela,"Brasília, DF",Families,,1,DATE_NULL;
10082,10082,Marco M,Linda Igreja.,40,"Linda igreja, tanto por fora como por dentro.  Para aqueles turistas que gostam de visitar as famosas igrejas, basílicas ou catedrais de diferentes cidades.  Está é umas que vale a pena conhecer.",Amapá,Families,,1,DATE_NULL;
10087,10087,Wander M,Lugar santo,50,"Recomendo as pessoas de fé . lugar maravilhoso de paz , amor e tranquilidades ´as pessoas que creem a Deus . Todas as quartas feiras as 19hs momento de adoraçao , recomendo","Belém, PA",Families,,1,DATE_NULL;
10088,10088,EDIMAR C,"LINDA, ESPETACULAR",50,"Sempre tive vontade de conhecer esta Igreja, e não foi surpresa minha o encanto que tive por ela, vale a pena visitar para quem é religioso, recomendo uma visita.","Rio de Janeiro, RJ",Families,,1,DATE_NULL;
10090,10090,OswaldoQuintas,Local para católicos e não católicos,50,Os católicos terão oportunidade de pedir e agradecer à Nossa Senhora de Nazaré.  Os não católicos terão a oportunidade de visitar uma Igreja artitiscamente muito linda.,"São Paulo, SP",Families,,1,DATE_NULL;
10093,10093,Hannah A,Magnifica Basílica,50,"Arquitetura belíssima, uma verdadeira obra de arte.A Basílica de Nossa Senhora de Nazaré é imponente, e um simbolo de fé do povo paraense.Com certeza é uma visita que não pode ficar de fora do roteiro turístico de Belém.","Belém, PA",Families,,1,DATE_NULL;
10099,10099,KeithMorata,Exuberante!!!,50,"Adorei!!!!! Linda, cheia de detalhes, limpa.Transmite paz e tranquilidade.Tem uma loja ao lado da Basílica, em que se pode comprar lembrancinhas, santas, camisetas, bem legal.Vale a visita",,Families,,1,DATE_NULL;
10104,10104,Nicole Delcasta... M,Linda!,50,"Ir a Belém e não visitar a Basílica, é quase como não ir a Belém!A Basílica é linda, principalmente para os amantes de arquitetura, e de igrejas como eu!Além do mais, a Basílica faz parte do Círio de Nazaré, maior ato de fé e energia boa que já pude presenciar.Indiferente da religião praticada, vale muito a pena a visita!",,Families,,1,DATE_NULL;
10193,10193,paulina s,belíssima,50,"linda a Basílica! o local ao redor ainda estava em reforma, mas assim que ficar tudo pronto, será ainda mais bonito! A Basílica é belíssima!","São Paulo, SP",Families,,1,DATE_NULL;
10201,10201,LaraBLobo,"Basílica de Nazaré, Belém, Pará.",50,"A Basílica é onde o Círio de Nazaré chega todos os anos após o Círio. Está muito bem conservada, refrigerada e é um lindo espaço para contemplação, em outubro tem visitação monitorada. Vale a pena conhecer.","Guimarães, Portugal",Families,,1,DATE_NULL;
10211,10211,Elisa B,Deslumbrante!,50,"Além de ser lindíssima, tudo nela nos remete à uma profunda introspecção. Não tem como não imaginar a cultura e procissão do sírio de Nazaré.","Vitória, Espirito Santo, Brazil",Families,,1,DATE_NULL;
10217,10217,Sonia A,maravilhoso,40,lugar maravilhoso em Belém no qual reúne cristãos de grande devoção. Além de lindo altar é um templo de fé e grande energia divina.,"Fortaleza, CE",Families,,1,DATE_NULL;
10222,10222,luciano junior,santurio,40,"a basilica por ter muitos romeiros esta muito emprensado, poderia ja pensar numa basilica maior com uma infra estrutura de estacionamento, os guardas de nossas Senhora não gostei poderia mudar para apostolo ou protetor ou colaborador sei lá mas guarda é para a Basilica e não para nossa Senhora., na camisa tem um sinbolo que parece a maçonaria, deveria ter um logomarca melhor e sobre a coleta das ofertas não ser os guardas mas sim a pastoral do dizimo com pessoas com a paramenta coleta, como também pessoasl de receptivo de boas vindas, um ponto negativo. fooi para tirar a foto, pedimos permissão e o guarda disse que não, a decepção foi grande pois estamos na casa de Deus e com todo respeito queriamos registrar o momento e aumentar nossa fé. a programação excelente as missas maravilhosas e carismaticas, confessionario no dia faltou. mas enfim a Basilica e merecedora para Nossa Senhora de Nazare, e São José que acho que toda Igreja com o nome de nossa Senhora deveriater a Imagem de são joseé assim ficarua a fmilia completa sagrada familia.",Estado de São Paulo,Families,,1,DATE_NULL;
10223,10223,Luciano T,Linda,50,"Muito bonita, grandiosa, rica em detalhes, conservada. Surpreendente e emocionante com equipe acolhedora atenciosa e preparada para o turismo.","São Paulo, SP",Families,,1,DATE_NULL;
10225,10225,STNPC,Bom para conhecer fora do Círio,40,Local bem cuidado (área externa estava em reforma). Interior muito bonito. Na frente uma praça e ao lado lojinha.,"Fortaleza, CE",Families,,1,DATE_NULL;
10227,10227,ronaldo a,muito bonita,50,"Igreja belissima, e surpreendentemente nova(sua construçao começou a 105 anos e terminou em 1962).Construida quase totalmente com marmores e granitos importados da Italia , conta ainda com vitrais maravilhosos todos doados por familias influentese ate por classes de trabalhadores como a dos estivadores do porto. Conta ainda com uma das maiores lojas de venda de souvenirs religiosos que ja vi. Em sua visita, nao esqueça de comprar as fitinhas coloridas, e amarra-las na grade da igreja e fazer os seus pedidos a Nossa Senhora. E uma visita imperdivel.","Niterói, RJ",Families,,1,DATE_NULL;
10228,10228,Renato Seixas,Lugar de paz,50,"A igreja é muito bonita, tem uma arquitetura belíssima e representa muito da cultura paraense. É lugar de muita paz e tranquilidade. É onde se encontra a imagem do Círio de Nazaré. Vale muito a pena conhecer","Salvador, BA",Families,,1,DATE_NULL;
10229,10229,Sylvino N,Linda,50,Vale a visita. Muito bonita a igreja e você pode entrar em contato com a religiosidade e a cultura do local.,,Families,,1,DATE_NULL;
10230,10230,Helena F,Templo grandioso!!!,50,"A Basília de Nazaré, além de ser um templo da fé católica, oferece ao visitante a oportunidade única de apreciar uma construção primorosa do início do século XX.","Belém, Para, Brazil",Families,,1,DATE_NULL;
10231,10231,Mauro R,Local de fé!,50,"A Basília Santuária de Nossa Senhora de Nazaré é, sem dúvida alguma, o local mais importante a ser visitado em Belém. A Basílica é o grande palco para a maior festa católica do Mundo. O Cirio de Nazaré. Festa que junta 3 milhões de pessoas na cidade para acompanhar a procissão nazarena. Eu recomendo aos visitantes.","Belém, PA",Families,,1,DATE_NULL;
10235,10235,419ana,Templo Divino,50,"A Basilica de Nazare em Belém do Pará, é belissíma, sua arquitetura encanta qualquer olho, pois, o seu dourado do ouro reluzente transmite algo de sobrenatural. É um santuario lindo, que nos traz paz, harmonia e nos transmite o divino. E MAIS belo é a imagem de N. S. de Nazaré, que no seu explendor irradia luz aos corações de quem a procura, é uma pequenina imagem que se faz grande, principalmente porque em seu Círio, conduz milhares de pessoas ao seu filho JESUS.So vindo ver pra sentir , e maravilhoso.","Belém, PA",Families,,1,DATE_NULL;
10240,10240,MaRosineideRezendede,basilica,40,linda gostei do estilo da mesma que é bem antiga. faz alusão  ao passado. historico da cidade é visivel no estilo arquitetonico apresentado pela basilica,"Itororó, BA",Families,,1,DATE_NULL;
10252,10252,Elys B,Linda!,50,Igreja belíssima e super tradicional! Na festa do círio ela é muito visitada e as missas são sempre lotadas. Vale a pena visitar esta igreja.,"Belém, PA",Families,,1,DATE_NULL;
10345,10345,6JoaoJacques,Basílica de Nossa Senhora de Nazaré,50,"Uma das igrejas católicas mais linda de Belém. Ponto final do Círio de Nazaré, procissão que reúne mais de 2 milhões de devotos e que ocorre no segundo domingo de outubro. Vale a pena conhecê-la, e, melhor, assistir uma missa nela. Imperdível !",Belem Para Brasil,Families,,1,DATE_NULL;
10348,10348,RosaCarvalho,PATRIMÔNIO D EFÉ DOS PARAENES,50,"Basílica enorme, mas aconchegante. Um lugar que emana paz e santidade. Majestoso! Vale à pena visitar e assistir à missa, num dia tranquilo. Evite o dia do círio, pois os devotos viajam de todos os interiores do estado do Pará para homenagear a padroeira e fica mais difícil de conseguir um bom lugar. A praça do centro Arquitetônico Nazareno, à frente da igreja também é um lugar apreciável. Visite, vale à pena!","Belém, PA",Families,,1,DATE_NULL;
10358,10358,barbosa2013,imperdivel,40,pra quem é católico é imperdível a vistação a basilica de nazaré um presente dos homens a nossa senhora de nazare,"Juiz de Fora, MG",Families,,1,DATE_NULL;
10360,10360,luhamoy,Um Monumento,50,"Alguns dizes que é uma replica em tamanho menor da Basilica de São Pedro no Vaticano, tambem achei parecida, rica e bem conservada",belem,Families,,1,DATE_NULL;
10361,10361,Izabel Aleixo,Majestosa,40,"Com patio em frente onde ficam algumas esculturas e uma redoma  de vidro com a imagem de N. S. Nazaré.. A Basílica é ampla, com afrescos, vitrais e pinturas luxuosas.Verifique antes os horários em que está aberta.","São Paulo, SP",Families,,1,DATE_NULL;
10396,10396,Luana A,grandiosa,50,"Essa basílica é muito bem ornamentada, apresenta uma riqueza de detalhes que vale a pena conferir. A praça em frente com sua revoada de pássaros é um espetáculo imperdível.","Fortaleza, CE",Families,,1,DATE_NULL;
10441,10441,Mayra Abreu,Linda,50,"Igreja muito bonita e muito bem conservada .Altar belíssimo, um dos mais  bonitos que já visitei Vitrais bonitos","Salvador, BA",Couples,,1,DATE_NULL;
10454,10454,Euvaldo L,Visita turística,50,"É a mais linda e bem cuidada igreja de Belém. Muito bem localizada e conta com um comércio religioso bem montado, uma boa lanchonete e um grande e belo espaço externo.Visita indispensável.","Brasília, DF",Couples,,1,DATE_NULL;
10455,10455,Guilherme,Uma das mais belas do Brasil!,50,"Indubitavelmente uma das basílicas mais belas do Brasil, onde fica guardada, em um ponto elevado, a imagem original de Nsa. Nossa de Nazaré. Vale muito a pena a visita.","São Paulo, SP",Couples,,1,DATE_NULL;
10456,10456,Jéssica Arruda,Lindíssima,50,"Simplesmente linda a basílica...vale a visita. Me emocionei demais no local, que tem uma energia muito forte e uma estrutura bacana!","Rio de Janeiro, RJ",Couples,,1,DATE_NULL;
10458,10458,CIDALIMA,Basílica Nossa Senhora de Nazaré,50,"A Basílica é belíssima, climatizada , um local para você se sentir confortável  e bem acolhido. Ao lado da Basílica fica a loja onde você pode comprar vários tipos de souvenir.","Fortaleza, CE",Couples,,1,DATE_NULL;
10483,10483,Lucileia C,Fé,30,"A igreja é muito bonita, embora eu não seja católica a visita vale muito a pena, faz parte da cultura e é muito importante para o povo daquela região. Nos portões que cercam a igreja existem milhares de fitinhas coloridas, as pessoas fazem pedidos e amarram esses fitinhas nas grades. O visual é lindo.","Salto, SP",Couples,,1,DATE_NULL;
10484,10484,Emilse Aparecid... M,Belissima!,50,"A igeeja é muito antiga,  linda e aconchegante e abriga a imagem de Nossa Senhora de Nazaré com maior número de devotos na cidade e região.  Há uma loja de artigos religiosos ao lado  com grande variedade de produtos.  Pela fama e devoção vale a visita.","Belém, PA",Couples,,1,DATE_NULL;
10485,10485,ALEXANDRE B,Linda é imperdível ,50,A Basílica de Nazaré e o seu entorno são templos de exercício e afirmação da fé do Paraense. Local lindo é imperdível seja qual for a sua fé. Para os católicos assistir uma missa lá é um privilégio especialmente se for na época do Círio de Nazaré. Curiosidade: repare na representação feita na fachada da igreja (uma pintura feita em um triângulo no alto e na frente da igreja). Repare um senhor de paletó preto. Não acha que ele está meio fora do contexto da cena? Pergunte a alguém na igreja quem seria esse senhor é porque estaria ali.,,Couples,,1,DATE_NULL;
10487,10487,Bárbara K,Arquitetura muito bonita,40,"Já participei de missas na Basílica e é realmente incrível. Tanto a estrutura dela quanto as pessoas que a visitam. As missas são cheias de fiéis, o que as torna muito mais interessantes. É preciso chegar um pouco antes do horário previsto para a missa para conseguir se sentar, mas, também, vale a pena ficar em pé. Ao lado da Basílica há uma loja de produtos religiosos e onde costuma ficar a corda do Círio de Nazaré.","Belém, PA",Couples,,1,DATE_NULL;
10529,10529,DiegoFMiguel,Linda!,50,"A principal igreja de Belém, onde reúne no mês de outubro, a celebração do Círio de Nazaré. Enorme e muito bonita, recomendo a visita. Possui uma grande área externa para a realização de eventos.",,Couples,,1,DATE_NULL;
10531,10531,Sandra S,Turismo ,50,Linda basílica!Imponente é encantadora!Imperdível essa visita .Da para ir andando do Teatro da Paz até lá.A loja abre apenas as 14:00,"Maceió, AL",Couples,,1,DATE_NULL;
10562,10562,Liliane_C_Silva,Visite pela arquitetura e história,50,"Independente da religião, acho válido visitar a Basílica. É um prédio antigo, mas belíssimo, com detalhes que encherão os olhos de qualquer visitante. E o silêncio também traz muita paz.","Belém, PA",Couples,,1,DATE_NULL;
10584,10584,maria v,"""Local de adoração""",50,"A Basílica é lugar fascinante, com sua beleza , suas imagens de santos, sua decoração é todo um cenário encantador. Independente de religião, vale  muito apena ser visitada pelos turistas, só tem a ganhar, porque com certeza irão gostar.","Sorocaba, SP",Couples,,1,DATE_NULL;
10590,10590,LorenaGFonseca,Linda demais,50,"Um lugar completamente espiritualizado e cheio de arquitetura. Vale a pena ir na adoração dia de quarta-feira às 19:15, a igreja fica lotada e é um momento único espiritualmente",,Couples,,1,DATE_NULL;
10601,10601,Rubens I,Nazaré,50,"Nessa bela Catedral fica a imagem de Nossa Senhora de Nazare, protagonista do grande evento de Belem: C[irio de Nazare.","Belém, PA",Couples,,1,DATE_NULL;
10602,10602,alrezu,Uma sensação de estar no céu,50,"Uma Basilica linda,bem cuidada,todo o acervo muito bem conservado,imagens maravilhosa,segurança absoluta e pessoas disponiveis para esclarecer dúvidas... visitem...","São Paulo, SP",Couples,,1,DATE_NULL;
10603,10603,Lia I,Linda igreja,50,"A igreja é neoclássica e linda! Ela possui mais de cem anos e está bem conservada, coberta em mármore em sua maioria! Possui um grande pátio na frente onde as crianças podem se divertir.","São Paulo, SP",Couples,,1,DATE_NULL;
10604,10604,Vinícius Dantas,Linda e confortável ,50,Fui pela primeira vez à missa de páscoa na basílica (missa das 18h). Lugar lindo e convidativo à oração. A missa foi maravilhosa. A estrutura da igreja e a sua belezada impressionam. Recomendo a visita!,"Manaus, AM",Couples,,1,DATE_NULL;
10606,10606,Ronaldo A,Ótimo,40,"Local excelente à missas, ir se encontrar com Deus entre famílias, amigos. Mostra um pouco da história da cidade também.","Belém, PA",Couples,,1,DATE_NULL;
10607,10607,crmigliati,Indescritível. ,50,Imponente é belíssima. Realmente traduz um ambiente de paz e de muita fé e oração. Construção impecável. Detalhes internos que os olhos se perdem em admirar tanta beleza. Um passeio imperdível em qualquer época do ano e não apenas nas festividades do Sírio de Nazaré.,"São Carlos, SP",Couples,,1,DATE_NULL;
10608,10608,Yuri_C_Silva,Lugar lindo,50,A basílica é linda. Um lugar de contemplação especialmente recomendado para pessoas de fé. Passeio também recomendado para quem tem interesse em arquitetura!,"Brasília, DF",Couples,,1,DATE_NULL;
10611,10611,Marcos F,Igreja linda,50,Segundo a tradição dos paraenses esta é uma das igrejas mais lindas da cidade de Belém.  O melhor é a Catedral mais linda da cidade. Faz parte do percurso do Círio de nossa senhora de Nazaré. Segundo a tradição da cidade é onde está guardada a sete chaves a imagem de nossa A padroeira dos paraenses,"Novo Hamburgo, RS",Couples,,1,DATE_NULL;
10613,10613,LBCavalheiro,Março 2016,50,"Linda Igreja Matriz, a Basilica a noite fica mais bela ainda, lugar ideal para fotos e uma oração, localizada bem no centro com fácil acesso.","Guarulhos, SP",Couples,,1,DATE_NULL;
10615,10615,Renan Menezes,Espetacular,50,"Para quem é católico ou apreciador de história e arte, parada obrigatória, um encanto de igreja, muito bem conservada, parece novíssima.",,Couples,,1,DATE_NULL;
10616,10616,Juliana Re,Lindíssima!!,40,"A basílica foi totalmente uma surpresa, já estávamos indo embora quando passamos por ela e resolvemos visitar. Aos domingos, ela abre às 15h e não é necessário pagar para entrar. O calçadão da basílica é novo, segundo a placa, de 2015 e bem limpo. Tem alguns lugares que você pode prender sua fitinha e fazer seus pedidos e agradecimentos.Não vou nem comentar sobre a arquitetura da basílica, simplesmente, de cair o queixo.","Porto, Portugal",Couples,,1,DATE_NULL;
10646,10646,Igorsnobre,arquitetura histórica!,40,Quando fui à igreja a mesma estava passando por reformas no lado externo e estava sendo realizado uma missa. A arquitetura interna é belíssima e mostra puro refino.,"Florianópolis, SC",Couples,,1,DATE_NULL;
10672,10672,Mariana K,Linda,50,"A Basílica de Nazaré foi erguida no lugar onde o caboclo José Plácido encontrou, em 1700, a imagem de Nossa Senhora de Nazaré. A santa fica no topo do altar, protegida por um vidro blindado. Na praça, em frente, há uma réplica, onde fiéis amarram fitinhas e fazem pedidos. Uma dos interiores mais lindos do Brasil. Por fora, a gente não dá nada por ela,mas por dentro é linda!","Belém, PA",Couples,,1,DATE_NULL;
10677,10677,Lucas B,Linda,40,"A basilica é enorme, linda! O teto é todo em madeira e os vitrais esplendorosos! Local de muita fé. Nossa senhora de nazaré!",,Couples,,1,DATE_NULL;
10678,10678,LeopoldoNunes,Linda Catedral,50,Agora estão reformando a rua q passa em frente e será um grande espaço privilegiando o passeio e a multidão que sempre está por lá. A Diocese de Belém está de parabéns pois o Padre Jefferson é uma bênção. A arquitetura da Catedral e a riqueza interna são encantadores e tornam a Igreja convidativa para orações.,"Fortaleza, CE",Couples,,1,DATE_NULL;
10681,10681,Eliane M,Bonita e bem administrada,40,"Logo na entrada encontramos um senhor, zelador da Basílica, que fez questão de nos contar toda a história da Basílica e nos guiou em todos os recintos. Limpeza, ar condicionado central, organização e sentimento de amor e pertencimento foram as impressões que nos deixaram.","Niterói, RJ",Couples,,1,DATE_NULL;
10690,10690,Bruno E,Arquitetura belíssima,50,"Não sou católico, mas a Igreja tem uma energia vibrante e acolhedora. Vale a pena contemplar a Igreja que é Um dos Cartões Postais da Cidade de Belém.",Estado de São Paulo,Couples,,1,DATE_NULL;
10710,10710,Ronaldo M,Testemunho da religiosidade brasileira,50,A Basílica é ricamente adornada e ainda funciona!.. o toque de seu sino é um sopro de vida em qualquer cristão.. participe das procissões organizadas na paróquia local.. tire muitas fotos.. a igreja é muito bonita e retrata a forte religiosidade católica da população...,"Brasília, DF",Couples,,1,DATE_NULL;
10729,10729,Rafael H,Paz interior,50,A igreja é magnífica. Aproveitei a ida para assistir uma missa. Imagino como deve ficar durante a época do Círio.,"Brasília, Brazil",Couples,,1,DATE_NULL;
10742,10742,Bernardo N,emocionante,50,"Realmente é muito lindo, fui a pé do hotel Hilton até a Basílica e conforme vc se aproxima é muito emocionante, a Basílica é simplesmente maravilhosa.","São Caetano do Sul, SP",Couples,,1,DATE_NULL;
10745,10745,MuriloDeolino,Linda,50,"A basílica é muito bonita! Por dentro há uma riqueza nos detalhes, no teto, nos vitrais, o altar é esplêndido ! Não tem como ir a Belém e não conhecer a Basílica.","Salvador, BA",Couples,,1,DATE_NULL;
10746,10746,Simone Magda C,Maravilhosa,50,"A Basílica é maravilhosa, independente da religião vale a pena a visitação. É uma obra de arte encravada no norte do Brasil.","Campinas, SP",Couples,,1,DATE_NULL;
10748,10748,Loresales,"Muito bonita, um luxo",50,"Uma igreja linda! A igreja tem detalhes lindos, tem vitrais, mosaicos e pinturas lindas. O altar é muito bonito, o teto tem pinturas bem realistas. Vale a pena entrar!","Salvador, BA",Couples,,1,DATE_NULL;
10749,10749,lucia-paulo,Monumento da fé,40,"Mais do que a beleza da Basílica , chama atenção a grande fé do paraense, o cuidado e o respeito pelo local.","São Paulo, SP",Couples,,1,DATE_NULL;
10750,10750,Davi F,Muito bonita,50,"Muito bela, é uma cópia de uma das basílicas de Roma, rica em detalhes. Tem tv nas colunas pra acompanhar a letra das canções.","Santa Maria, RS",Couples,,1,DATE_NULL;
10775,10775,neneia,Muita Emoção,50,"Foi uma experíência única. A boa vibração deste lugar sagrado é algo indescritível, aliada à arte sacra que é de surpreender por sua beleza. Recomendo que reservem um tempinho da viagem para o seu momento de oração.",Maceió,Couples,,1,DATE_NULL;
10785,10785,Larissa C,Passeio,50,"santuário da basílica de Nazaré , bem localizada no centro da cidade uma bela paisagem , transporte a todo momento pra chegar ate la . A igreja e bem conservada ainda ,uma marca histórica pra cidade de Belém","Belém, PA",Alone,,1,DATE_NULL;
10797,10797,Bruna S,Linda construção!,40,"É um lugar belíssimo! A igreja fica localizada em um bairro nobre e bem seguro. Eu estava hospedada no entorno e fui à pé até lá sem maiores problemas. No interior da igreja é permitido fotografar sem flash. Vale muito a visita, até para quem não segue a fé católica, como é o meu caso.","Santos, SP",Alone,,1,DATE_NULL;
10799,10799,Forlan78,Igreja muito bonita,50,Sensação expetacular ao estar lá dentro. Muito bonita e de grande porte. A praça da frente completa sua beleza,"Curitiba, PR",Alone,,1,DATE_NULL;
10806,10806,Nivea P,Tem que visitar,50,"Visitar o Santuário de Nazaré é visitar o lugar mais importante do paraense, é sentir a fé e a devoção não só desse povo mas de todos os católicos, a Basílica é linda e é pausa obrigatória no seu roteiro de viagem a Belém. Muito fácil de chegar até de ônibus apesar desse rodar muito.","Manaus, AM",Alone,,1,DATE_NULL;
10834,10834,Daniel Marreco,Energia incrível,50,Energia incomparável e indiscritível!!! Um lugar simplesmente LINDO!todo entorno e também interno na basílica! fantástico!!!,,Alone,,1,DATE_NULL;
10835,10835,nubia l,Turismo Arquitetonico,50,Sensacional a arquitetura e as pinturas de dentro do templo.Os vitrais são verdadeiras obra de arte.,"Palmas, TO",Alone,,1,DATE_NULL;
10873,10873,Marcelo A,Belas imagens,50,"Aqueles que gostam de apreciar as pinturas e arquiteturas cléricas, façam uma visita. Localizada na parte antiga da cidade, sua arquitetura acompanha o modelo da época.",,Alone,,1,DATE_NULL;
10881,10881,Bruno G,Famosa em Belem,40,"A mais famosa em Belem por causo do Cirio. Lugar sagrado, lindo, não tem valor arquitetônico especial porem vale a pena visita-la pelo valor que tem para as pessoas do lugar",Brasil,Alone,,1,DATE_NULL;
10885,10885,Sanfer74,Pra fazer uma Fezinha!,40,"Todo bom local histórico que se preze tem uma Igreja, seja ela muito conhecida ou não. E em Belém, essa dispensa comentários.","Rio de Janeiro, RJ",Alone,,1,DATE_NULL;
10914,10914,Maria Do Carmo F,À caminho da Luz!,50,"Nossa vida não teria sentido, se não tivéssemos fé!Ela é a força que nos ajuda a caminhar e lutar por nossos sonhos! A Igreja é linda e abençoada! Faça uma visita e renove sua fé!!",,Alone,,1,DATE_NULL;
10915,10915,Patrick V,Círio,50,"Anualmente o círio de Nazaré para a cidade, é muito lindo, principalmente pra quem é de fora, ver a cultura e a fé do povo paraense.","Marabá, PA",Alone,,1,DATE_NULL;
10923,10923,denny7willian,Bonito,40,Não sou fã desse negócio de igrejas católicas Santos essas coisas mas tenho que admitir que essa igreja é muito bonita principalmente a noite,,Alone,,1,DATE_NULL;
10941,10941,Camila R,Arquitetura excepcional,50,"Igreja com um belo projeto arquitetônico, bastante ampla, localizada no bairro de Nazaré. Com estacionamento privativo.","Belém, PA",Alone,,1,DATE_NULL;
10944,10944,Michel,Encantadora.,50,"Sou suspeito em avaliar. Minha espiritualidade está a cada ano melhor, mais conectada com Deus, mais contemplativa. Assistir a missa das 10h nesta Basílica foi a melhor parte da viagem, tanto pela sua beleza interna como pela paz emanada.",,Alone,,1,DATE_NULL;
10946,10946,Marcio L,Lugar magnífico! Belíssimo. Essencial,50,"Lugar maravilhoso. Divino. Quem vai a Belém, deve, no mínimo por obrigação visitar este sublime lugar.Visita gratuita. Bela estrutura arquitetônica. Um dos maiores templos católicos do Brasil.",São Paulo,Alone,,1,DATE_NULL;
10947,10947,Ivan A,Beleza,50,"Além da história da N. Sra de Nazaré, a igreja é uma bela obra de arte. Vitrais bonitos, teto impressionante. Além, claro, da imagem de N. Sra.",Belém,Alone,,1,DATE_NULL;
10948,10948,Camila  S,🙏,50,"A basílica é uma das maravilhas aqui do pará, um lugar de benção, as seus traços marcantes, suas histórias, círio de Nazaré que acontece em outubro, esse é o mês que costuma ser mais visitado, uma benção mesmo.","Belém, PA",Alone,,1,DATE_NULL;
10953,10953,NMSSM,A igreja mais linda do País!! ,50,"A Basílica de Nazaré é um local que todos deveriam ir pelo menos uma vez na vida, sua estrutura é a mais bela que já vi, o teto da igreja é todo feito de madeira em auto relevo, está climatizada com ar condicionado, e todo o espaço tem imagens lindas!! O povo paranaense tem verdadeira adoração pela Santa!!",,Alone,,1,DATE_NULL;
10954,10954,Lorrane R,Emocionante,50,"A arquitetura impressiona pela riqueza de detalhes, você entra e sente uma energia boa, uma paz, lugar de muita fé e devoção do povo paraense.",,Alone,,1,DATE_NULL;
10955,10955,Tays T,Vigília,50,"Quando vc entra senti uma paz, um aconchego...sensação sem explicação está na casa da mãe de Jesus Cristo! Sem contar a arquitetura da igreja linda o glória então vc fica tentando entender tanta beleza em um só lugar.","Belém, PA",Alone,,1,DATE_NULL;
10956,10956,855fabiano855,BELEZA E HISTÓRIA,50,"Para os amantes de arquitetura religiosa, mas também para os que curtem a história cabocla da Amazônia, a Basílica é imperdível - complemente a visita com o Museu do Círio e a Sé, ambos na Cidade Velha.","Imperatriz, MA",Alone,,1,DATE_NULL;
10959,10959,Alana_sa,Linda!,50,"A igreja é linda por dentro e por fora, sem palavras para descrever. É sempre bom visitar a casa do senhor.",,Alone,,1,DATE_NULL;
10960,10960,dimasjoliveira,Lindo interior ,50,Me surpreendi com a beleza do interior da basílica de Nossa Senhora de Nazaré. O altar é o ponto máximo da beleza. Vale a pena o passeio.,"São Paulo, SP",Alone,,1,DATE_NULL;
10961,10961,Ana Carolina M,Visita ao santuário ,50,A basílica É um lugar para se encantar com a suntuosidade e a fé de um povo.Ao lado da igreja tem a lojinha onde encontramos lembranças e acessórios dos mais diversos,"Belém, PA",Alone,,1,DATE_NULL;
10967,10967,l_zaror708,Maravilhosa,50,"Estive em Belém em 2015 e tive oportunidade de conhecer esta igreja. É magnífica, sua beleza é de cair o queixo, tanto por fora quanto por dentro. Seus vitrais são maravilhosos e a arquitetura idem. Além disso, é muito bem localizada, próxima ao centro de Belém, sendo acessível até a pé, a partir da praça da República e seguindo pela avenida Nazaré. Recomendo para todos que forem a Belém, vale a pena!","Brasília, DF",Alone,,1,DATE_NULL;
10987,10987,christina_paciuli,A Igreja do Cirio de Nazaré,50,"A igreja é bonita . Foi construida no Sec. XX e tem o estilo das igrejas romanas. Mas o que mais chama a atenção é a fé e a devoção que se pode observar nos devotos que visitam a igreja. A imagem de N. Senhora de Nazaré é a que sai em procissão todos os anos, atraindo milhares de peregrinos a Belém.","Pouso Alegre, MG",Alone,,1,DATE_NULL;
11007,11007,Ed.Amorim,Uma obra prima!,50,"A Basílica de Nossa Senhora de Nazaré é um espetáculo com destaque para seu interior um dos mais belos que já conheci. Imagens, vitrais, afrescos, arquitetura belíssima. Uma história riquíssima que faz parte da cultura não só do simpático e acolhedor povo paraense mas de todo Brasil.","Belo Horizonte, MG",Alone,,1,DATE_NULL;
11008,11008,Bruno Souza de Paula,Bela basílica,40,"Ponto turístico da cidade, que leva milhares de pessoas todos os anos. A rua situada à frente estava em reforma, o que não permitiu que me aproximasse muito da igreja, porém a fachada é encantadora.","Santo André, SP",Alone,,1,DATE_NULL;
11009,11009,Renata Messa,Deslumbrante,50,única Basilica da Amazônia Brasileira. Arquitetura impressiona pela riqueza em detalhes. Vale a visita.,"Brasília, DF",Alone,,1,DATE_NULL;
11013,11013,Alaide F,Sonho realizado,50,"Conhecer a Basílica de N. S. de Nazaré foi um sonho realizado. Visitei cada cantinho da Igreja, assisti missa, fiz compra na lojinha. Pra quem é Católico é muito emocionante !!!",,Alone,,1,DATE_NULL;
11026,11026,Ruthinhajn,Bonita,50,"É uma Igreja referencia na cidade de Belém do Pará. Bastante decorada e confortável de se estar. Toca um sino que todos conhecem. Tem uma praça na frente onde as pessoas passeiam, conversam, descansam.","Belém, PA",Alone,,1,DATE_NULL;
11037,11037,Raimundo F,Excelente,50,"Linda Igreja com características barrocas com belas pinturas no teto, muitas composições de mosaico e o destaque da imagem de Nossa senhora de Nazaré","Brasília, DF",Alone,,1,DATE_NULL;
11047,11047,Ana G,só emoção,50,"Não tive oportunidade de assistir uma missa na Basílica, mas pude visita-la. Igreja enorme, linda, com um grande espaço para missa campal. Muita paz no coração quando da visita. Vale muito a pena conhecer e se der, assista a uma missa.","Brasília, DF",Alone,,1,DATE_NULL;
11050,11050,BelChuva,Me senti no Vaticano,50,"A Basílica é riquíssima, parece uma caixinha de joias, cheia de mosaicos e vitrôs , de babar rsrsAo lado tem a Sacristia com uma lojinha, imperdivel, tercinhos para lembrança aos amigos católicos, livros que contam toda a história da Construção.","Rio de Janeiro, RJ",Alone,,1,DATE_NULL;
11055,11055,Drausiof,Linda igreja,40,"A Basílica de Nossa Senhora de Nazaré é muito bonita e bem cuidada. Em seu entorno existe uma praça bem bacana, lugar que fica extremamente lotado nos festejos do Círio de Nazaré.","Ribeirão Preto, SP",Alone,,1,DATE_NULL;
11072,11072,Brithio,Santuario mariano,50,"Um lugar que além de lindo nos aproxima de Deus e Nsa Senhora. No círio vive cheia de fieis que por sua devoção a Maria, procuram o lugar para renovar a fé. Tem lindas imagens, estatuetas de santos, quadros. Vale a pena acompanhar as celebrações também, além da visita turistica ao lugar","Belém, PA",Alone,,1,DATE_NULL;
11085,11085,OdairBehnke,Linda,50,"Local muito lindo e que vale a pena conhecer, mesmo sem considerar a religião. Fácil acesso e localização",,Business,,1,DATE_NULL;
11111,11111,Renata D,Vale.muito a visita,50,O lugar é lindo. Reserve um tempinho para conhecer. Boas energias. Decoração em mármore.  Em meia hora dá para ver tudo.,"Recife, PE",Business,,1,DATE_NULL;
11113,11113,Veridiana O,Imperdível para os religiosos,40,"Para os fieis de Nossa Senhora a visita é obrigatória.Tem acesso a pessoas com deficiência, ar condicionado, leve casaco se costuma sentir frio, apesar de estar em Belém.","Macapá, AP",Business,,1,DATE_NULL;
11121,11121,Tonio N,linda,50,"beleza, fé, paz de espirito, tudo isso se encontra nesse passeio à basílica. Vá com fé e não esqueça de fazer um pedido ao entrar pela primeira vez em uma igreja.","Santo André, SP",Business,,1,DATE_NULL;
11131,11131,Guimax1969,Ponto Turístico Maravilhoso,50,"Local espetacular. Construção belíssima, com entalhes de madeira e afrescos maravilhosos no seu interior, al[ém de propiciar bom momento de reflexão, meditação e oração. Vale a pena!","Vila Velha, ES",Business,,1,DATE_NULL;
11132,11132,Giselle R,Igreja simplesmente o estado da arte,50,"A cidade de Belém já respira fé, em todas as crenças. Mas, a Basílica é simplesmente o estado da arte. Não tenho nem palavras para descrever como é linda e perfeita. Missas diárias, confissões e muita fé envolve essa igreja. Na frente tem uma praça recém reformada, com a imagem de Nossa Senhora de Nazaré.","Fortaleza, CE",Business,,1,DATE_NULL;
11133,11133,Natália L,Igreja Maravilhosa,50,"A arquitetura é maravilhosa! A Igreja é muito bonita por dentro e por fora, possui várias passagens sobre a vida de Jesus Cristo e vários caça-níqueis para você acender velas.Vale a visita.","Belo Horizonte, MG",Business,,1,DATE_NULL;
11135,11135,Jose F,gostei,50,otimo atendimento desde a segirança merece ser visitado por todos que venham a Belém independente da religião,,Business,,1,DATE_NULL;
11136,11136,Marcelo O,Igreja belíssima!,50,A catedral de Belém não poderia ser mais linda que a Basílica de Nossa Senhora de Nazaré! Sem dúvidas é uma das igrejas mais lindas que já visitei.,"Goiânia, GO",Business,,1,DATE_NULL;
11137,11137,RGJ1508,Local lindo,50,"Igreja linda com hitorias maravilhosas, valo muito a pena assistir a missa de adoração as quartas feiras","Belém, PA",Business,,1,DATE_NULL;
11160,11160,amanda s,Basílica,50,"Igreja linda, a mais bonita da cidade de Belém, atualmente a igreja colocou ar condicionado na mesma.","Belém, PA",Business,,1,DATE_NULL;
11161,11161,Daphne B,Divina,50,A Basílica de Nazaré reúne cristãos de grande devoção. Além de lindo altar é um templo de fé e grande energia divina.,Rio de Janeiro,Business,,1,DATE_NULL;
11163,11163,GINASOBRAL1,Maravilhosa,50,"Basílica linda, bem cuidada, organizada, arquitetura linda , interior maravilhoso, fiquei emocionada com a demonstração de Fé dos  moradores da cidade  e dos  visitantes.","Santos, SP",Business,,1,DATE_NULL;
11166,11166,EmidioCunha,Basílica de Nossa Senhora de Nazaré - Belém do Pará,50,"Uma belíssima igreja. Merece certamente uma visita nem que seja apenas para apreciar a beleza do seu interior. Os católicos como eu poderão desfrutar de bons momentos de meditação, oração e tranquilidade.","João Pessoa, PB",Business,,1,DATE_NULL;
11168,11168,francinaldo_ap,Encantado com a beleza do lugar,50,"Um lugar incrível. Enorme e com inúmeros detalhes em cada parte da igreja que deixam a visão indecisa. Para os admiradores de arte sacra e arquiteturas de igreja, um prato cheio. Ao simples turista, um vislumbre que realmente marca a viagem. O altar-mor é uma obra de arte, e o lugar onde fica a imagem de N. Senhora de Nazaré passa ao observador todo um sentimento de paz, tranquilidade e amor maternal.","Natal, RN",Business,,1,DATE_NULL;
11169,11169,SanchezMendes,Imperdível,50,Uma igreja exuberante em plena Amazônia. É preciso fazer uma visita. Destaque para o interior luxuoso.,"Niterói, RJ",Business,,1,DATE_NULL;
11207,11207,Jefreson,Fé,50,"Impensável visitar Belém e não visitar este santuário da Fé. Não importa a religião. Energia positiva emana das paredes. Sempre que chego a Belém, meu primeiro passo é pedir bençãos a Virgem de Nazaré para iluminar meus passos pela cidade. Sempre fui atendido.","Santarém, PA",Business,,1,DATE_NULL;
11213,11213,Zenilda P,Muito linda,50,"Igreja maravilhosa com pintura e esculturas exuberantes. Vale a visita, ainda mais pelo valor simbólico para a população,já que é a igreja do Sírio de Nazaré.","São Paulo, SP",Business,,1,DATE_NULL;
11217,11217,Nelson_Reis,Catedral da Fé,40,"Basílica encravada na cidade, e num formato interessante e diferente, Não é de frente para a rua e sim de lado, com a entrada por uma praça particular.","Porto Alegre, RS",Business,,1,DATE_NULL;
11219,11219,Maria L,Linda!,50,"Com uma arquitetura simplesmente divina, proporciona a seus visitantes uma paz inigualável, além de ser uma história viva da cultura local.","Fortaleza, CE",Business,,1,DATE_NULL;
11245,11245,JOSE T,nazare,50,"nao deixe de ir para Belem e visitar esta magnifica basilica da capital paraense um lugar lindo, sagrado e cheio de emoção para os católicos ou não",MANAUS,Business,,1,DATE_NULL;
11254,11254,wuuc,Um momento de fé.,50,"Parada obrigatória para os católicos e historiadores, missas em vários horários e diariamente, arquitetura histórica e ótima climatização.","Santana, AP",Business,,1,DATE_NULL;
11291,11291,Leandro Targino,Linda e imponente,40,"Eu costumo dizer que Igrejas dizem muito mais que religião ou crença. Falam sobre arquitetura, cultura, história. A Basílica é a principal Igreja de Belém e uma das mais importantes da América Latina. Isso porque ela é o centro das atenções da maior festa religiosa do continente. Muito lindo ver toda aquela fé, independente da sua religião. Não deixe de colocar no seu roteiro!",,Friends,,1,DATE_NULL;
11293,11293,nitabarbosa50,Fantástica,50,"Uma igreja linda , imensa e também moderna.Tem aparelhos de tvs nas colunas,para transmissão dos eventos.","Recife, PE",Friends,,1,DATE_NULL;
11294,11294,Diego M,Vale conhecer!,50,Independente da religião ou crença vale a visita. Muito bonito o lugar e uma riqueza de detalhes incrível.,"Itapema, SC",Friends,,1,DATE_NULL;
11332,11332,Viviane895,linda de tirar o folego,50,"vá para um momento agradável de paz, reflexão, sua hora com Deus, faça seu pedido e aguarde!!!  maravilhosa","Ariquemes, RO",Friends,,1,DATE_NULL;
11333,11333,natobrito,Basílica impressionante. Vale a pena,50,"A Basílica de Nossa Senhora de Nazaré é a única basílica da Amazônia Brasileira. Sua história, seu simbolismo e sua importância religiosa exercem uma profunda influência no imaginário religioso paraense. Em 1992, a Basílica foi colocada entre as construções tombadas pelo Patrimônio Histórico do Estado do Pará.A basilica é lindíssima com um visual de impressionar. Todos os anos no círio de Nazaré ela é bastante frequentada.Ao lado da igreja há uma loja com venda de lembrança católicas e a mesma abre todos os dias. O ponto alto durante a semana é a missa de adoração.","Belém, PB",Friends,,1,DATE_NULL;
11381,11381,Janaína Medeiros,Povo de Fé ,50,"A Basílica está localizada em um local central de fácil acesso, com um estacionamento grande bem as lado.Funcionários prontos e super atenciosos para mostra e explicar como é e o que acontece no Círio de Nazaré. A Igreja é linda e eu senti uma grande emoção.",,Friends,,1,DATE_NULL;
11382,11382,concesouto,Espaço Sagrado e belo,50,"É uma catedral maravilhosa, de manhã beleza divina e astral santo e harmonioso! A arte sagrada impressa nas paredes, no teto, no altar santuário... Com a luz e paz que a imagem de Nossa Sra de Nazaré emana para as pessoas de fé. E muito bom para os cristãos católicos conhecererem e pedir uma benção de nossa maezinha de Nazaré, padroeira dos paraenses!","Belém, PA",Friends,,1,DATE_NULL;
11383,11383,Vall Mendess,Arquitetura belissima.,50,"Uma jóia de arquitetura, uma das questões que me leva a visitar as igrejas. Em Belém, quase todas tem a influência do arquiteto italiano Antônio Landi. Muito bonita. Além dá importância para os paraenses.","Campinas, SP",Friends,,1,DATE_NULL;
11384,11384,Albana Lúcia A,Fascinada...,50,"Incrivel a beleza deste lugar, que fica ainda mais bonito quando se conhece sua história. Nesse sentido tivemos muita sorte, nossa guia Amanda da deu um banho de conhecimento, cultura, emoção em cada palavra. Se volta ao tempo ao se escutar toda história da Basílica, cada detalhe da sua construção. Gostaria de parabenizar a Agência Gekos Receptivo pela excelente guia turística.Se for a Belém e não puder fazer grandes passeios, faça pelo menos um: visita a cidade historica acompanhada de um bom guia.","São Gonçalo, RJ",Friends,,1,DATE_NULL;
11423,11423,Matheus O,Um dos lugares mais lindos da cidade!,50,"É um lugar com um enorme valor simbólico para a cidade. Além de abrigar uma das festas mais esplendorosas da cidade das mangueiras, tem uma arquitetura incrível.","Belém, PA",Friends,,1,DATE_NULL;
11430,11430,wanderley S,Incrivel,50,"Um templo religioso fantástico, a estrutura inteira é magnifica, a paisagem é incrível a noite então nem se fale, definitivamente um lugar que vale a pena conhecer.","Monte Alegre, PA",Friends,,1,DATE_NULL;
11456,11456,ERNESTO V,linda,50,é considerado o natal dos paraenses; me atrevo a dizer que no brasil não há procissão que se iguale ao círio!! tem que conferir para acreditar!!!,,Friends,,1,DATE_NULL;
11462,11462,taynara2016,igreja linda,40,"Uma das igrejas mas antigas e especiais de Belém e aonde recebe nossa senhora de nazare no círio, vale apena visitar.","Belém, PA",Friends,,1,DATE_NULL;
11464,11464,Alice L,Perfeita,50,Sem dúvidas uma das Igrejas mais linda que já conheci. A arquitetura é divina.  Simplesmente belíssima.,"Marabá, PA",Friends,,1,DATE_NULL;
11468,11468,4ttos,Visita obrigatória,50,"Em estilo neoclássico, a Basílica de Nazaré é ponto obrigatório para os que, religiosos ou não, apreciam uma bela arquitetura.","Vitória, ES",Friends,,1,DATE_NULL;
11474,11474,Ricardo B,Local abençoado!,50,Templo religioso abençoado com uma arquitetura espetacular. É emocionante a conservação e limpeza do local.Perfeito para orações e agradecimentos.,"Contagem, MG",Friends,,1,DATE_NULL;
11475,11475,Hotel VillaOeste,Imperdível!,50,"Vale a pena ir pela arquitetura imponente, com vitrais e mosaicos.  Imperdível em qualquer tour em Belém, aproveite e ande um pouco na Avenida Nazaré em direção ao Colégio Marista para provar um dos Tacacás mais famosos de Belém.","Belém, PA",Friends,,1,DATE_NULL;
11483,11483,Larissa T,Linda,40,"Vale a visita.Fica no centro de Belém, próximo ao museu do forte. Não entrei na basílica, mas todos indicam uma visita.",Santo André,Friends,,1,DATE_NULL;
11485,11485,Keila Simone D,Lugar lindo,50,As artes sacras dão um ar sofisticado à igreja e a organização do lugar é um convite a voltar sempre.,"São Paulo, SP",Friends,,1,DATE_NULL;
11489,11489,AmandaMrtns,"Santuário muito luxuoso, rico em cultura e história",50,"A basílica de Nazaré é um ponto turístico da capital Paraense, que por sua vez é a capital da fé Nazarena, no mês de Outubro acontece o círio de Nazaré, manifestação religiosa que atrai milhares de romeiros e religiosos da fé católica de todo o mundo. É aberto durante a semana, o ano inteiro.","Belém, PA",Friends,,1,DATE_NULL;
11490,11490,Luciana A,Belíssima,50,incrivelmente bela é a Basílica de Nossa Senhora de Nazaré. Os horários das missas são facilmente disponibilidados através do site.,"Belém, PA",Friends,,1,DATE_NULL;
11570,11570,Simone maria m,Lindo,50,"A Basílica de N Sra de Nazaré é magnífica, lugar agradável pra fazer orações tem missas lindas. Os detalhes artísticos em ouro, madeira, vitrais são belíssimos. Tem estacionamento. Não tem como visitar Belem e não visitar a Basílica. Peça uma graça com fé e será atendido, mas não esqueça de agradecer e uma boa sugestão é...mais","Belém, PA",Friends,,1,DATE_NULL;
11579,11579,Mariana_mcf,Linda,40,"Linda igreja, bem trabalhada.Localizada em um bom bairro, há estacionamento e uma praça na frente para passeio.","Fortaleza, CE",Friends,,1,DATE_NULL;
11586,11586,MaluuuBrazil,Inch Allah,40,Dá-lhe ouro!! Segundo minha guia turística (q nem era guia rsrs) maior parte das partes douradas da igreja é de ouro!! Principalmente por dentro! Muito bonita!,"Campo Grande, MS",Friends,,1,DATE_NULL;
11609,11609,Aleixo I,Linda Igreja,50,"Respira-se a presença de Deus, imperdível para quem visitar Belém do Pará. Tem missa todos os dias para quem é católico","Rio de Janeiro, RJ",Friends,,1,DATE_NULL;
11620,11620,Veiga2013,Rica Arquitetura,50,"Igreja onde está a padroeira dos paraenses. É onde chega o Círio de Nazaré, assim como toda a sua programação. Igreja de rica Arquitetura, pinturas e imagens. Visita obrigatória.","Belém, PA",Friends,,1,DATE_NULL;
11657,11657,WellenAvila,Paz e oração,50,"A igreja tem caráter neoclássico e eclético e toda refrigerada, um belo e tranquilo lugar para visitar e vê as belas pinturas e grandes obras de artes que existem dentro do santuário e claro local tranquilo para elevar seus pensamentos e poder refletir.",,Friends,,1,DATE_NULL;
11658,11658,Paulop976,Basílica da fé,50,"Imponente igreja situada no bairro de Nazaré, seus afrescos são lindos - vale a pensa conferir. E conhecer também a estória do círio de Nazaré","Belo Horizonte, MG",Friends,,1,DATE_NULL;
11663,11663,Adriano A,Monumental,40,"Muito bonita, os desenhos, pinturas, gravuras, são estonteantes. muito bonito de se ver. isso sem contar que a mesma tem uma grande história.","Araguaína, TO",Friends,,1,DATE_NULL;
11689,11689,Maria Silvia S,É linda!,50,"A Basílica é linda! Nobre, clássica,  muito bem conservada e inspiradora.  Não deixe de conhecer!  A loja ao lado é bem completa, mas transforma a religiosidade da igreja num simples comércio.","São Paulo, SP",Friends,,1,DATE_NULL;
11702,11702,Davi Tavares,Excelente! Agradável surpresa.,50,"Fomos ao parque sem muitas expectativas e acabamos surpreendidos com um dos passeios mais agradáveis de Belém. O parque é novo e perfeitamente cuidado, uma bela recepção com uma pequena lanchonete, já causam uma ótima impressão logo na chegada. As pessoas vão caminhar ou pedalar, bicicletas para locação estão disponíveis, inclusive carrinhos à pedal para um casal e até duas crianças. Existem trilhas, mas o trajeto principal é todo pavimentado (aprox. 4,5 km), ao longo do caminho você encontrará mirantes, venda de água de côco, atividades para contratar (tirolesa, boia cross, rapel). Existe ainda um restaurante e uma lanchonete ao longo do trajeto, mas infelizmente nosso tempo não permitiu conhecer (ficamos com muita expectativa sobre o restaurante). Pelo que vimos é possível entrar com o carro (táxi e uber) até o restaurante (2,5 km da entrada aprox.). Certamente dedicarmos mais tempo ao Utinga em uma próxima visita.","Fortaleza, CE",Families,,7,DATE_NULL;
11715,11715,igormelo1990,Belém precisava de algo assim!,50,"O lugar é incrível, com uma entrada fantástica que mistura natureza e arquitetura moderna. sei que ainda falta muita coisa pra agregar, como um ponto de apoio proximo ao lago, restaurante, etc. mas entendo que acabou de inaugurar. vale muito a pena trazer a família aqui. agora uma dica: venha bem cedo, ou no final da tarde. em outros horários o calor é de rachar. destaque para a equipe de apoio, que sempre estão lhe dando dicas e programações do que fazer. todos os funcionários sao bem educados.","Belém, PA",Families,,7,DATE_NULL;
11720,11720,aldecirjunior,Passeio,50,"Muito bom...o local limpo e bem estruturado,vasta área com várias opções de lazer,verde e animais silvestre em total harmonia e de localidade de fácil acesso fora a segurança oferecida internamente","Belém, PA",Families,,7,DATE_NULL;
11727,11727,Elisa L,Bom para caminhar,40,"Trilhas, ciclovias (q deveriam ter sido construídas do lado do sol, p as pessoas caminharem na sombra, já q de bike vai mais rápido), mirantes, boia-cross (bem básica), rapel (básico também, afinal, aqui é planície), com acesso bem rápido e fácil a partir de Belém e entorno. Há opção de comprar água (3 reais) e outras bebidas no parque, mas pode levar seu lanche e fazer aquele piquenique c a família. Se puder. leve bike. Se não, dá p alugar também. Estacionamento próprio, mas atualmente estão lotados, visto q a reinauguração chamou a atenção de muita gente.","Cracóvia, Polônia",Families,,7,DATE_NULL;
11752,11752,José Luiz C,Ótimo para uma caminhada,50,"Local muito agradável para uma corrida/caminhada, bem como para a prática de esportes (bike, patins, etc). Fica um pouco distante do centro, mas de carro é tranquilo para ir.","Belém, PA",Families,,7,DATE_NULL;
11754,11754,JGITIRANA,Contato direto com a natureza,40,"Um local onde os visitantes podem ter contato direto com a natureza, para aqueles que gostam. Aos amantes de pedaladas ou de caminhadas fica a dica para bom momentos.",,Families,,7,DATE_NULL;
11770,11770,Emanuelly Mendes,Natureza  dentro da cidade,40,"Local lindo para contato com a natureza. Após a reinauguração foi possível observar instalações que remetem à cultura da região. Há opções de passeios como trilhas ecológicas, arborismo, rapel, e passeio no igarapé (braço de rio) com boias. O preço é acessível. Ainda faltam sinalizações como placas que indiquem a distâncias para os mirantes aonde estão localizados o rio Bolonha e os dois mananciais que formam os lagos Água Preta e Bolonha assim como a ciclo faixa.","Brasília, DF",Couples,,7,DATE_NULL;
11771,11771,s_bighead,Está fechado ao público por motivo de reforma!,40,Fui ontem (13/03/2015) e fui informado pelo guarda que está fechado ao público sem previsão de re-abertura. Vamos aguardar!,"Belém, PA",Couples,,7,DATE_NULL;
11784,11784,anselmo51,Ciclistas e pedestres nao respeitam as faixas,20,"O parque é o melhor local verde Belém, porem os ciclistas nao respeitam as faixas que lhes sao destinadas, bem como pedestres. Algum tipo de fiscalização e campanha de esclarecimento iria contribuir muito para esse espaço. Multa. Apreensão de bicicletas,  Impedimento e outras acoes  também pideria ""educar"" nosso povo.","Belém, PA",Alone,,7,DATE_NULL;
11809,11809,Kelly Satomi Y,"Quem ainda não foi, vá!!",50,"Ótimo pra quem quer caminhar, correr, andar de bike, ou simplesmente tirar fotos pq o lugar rende lindas fotos!!","Belém, PA",Friends,,7,DATE_NULL;
11817,11817,Anderson C,Decepção ,10,"Primeiro parque do Brasil que é proibido animais. Nunca vi isso. Acho que devem ter expulsado tb os macacos, cobras e outros bichos que haviam lá. Ridículo!!!!",,Friends,,7,DATE_NULL;
11823,11823,Ana Paula,Visitação,50,"Lugar excelente para lazer, passeio e contemplação da natureza Além de mostrar a importância das Unidades de Conservação",,Friends,,7,DATE_NULL;
11834,11834,William S,Exuberante,50,"Depois de um longo período de reforma, o parque estadual do utinga foi reinaugurado para a sociedade de Belém, o local está incrível e cheio de atrações para seu público, vale a pena conferir de pertinho !","Belém, PA",Friends,,7,DATE_NULL;
11835,11835,Victor Felipe,Reinaugurado com Excelentes instalações! ,50,"Um parque sensacional aonde a cultura do Pará é representada através dele, com trilhas, árvores lindas, vegetação amazonicas, um lago lindo, arquitetura maravilhosa, muito lindo mesmo.","Belém, PA",Friends,,7,DATE_NULL;
11840,11840,DivinaViz,Contato com a natueza,40,"Lugar excelente para caminhar e andar de bike, pra quem gosta de emoção há trilhas no meio da mata. É um local pra quem gosta de contato com a natureza. É preciso usar roupas leves, tênis e água, pois não é comercializado nada lá dentro. É melhor visitar na parte da manhã. Falta infraestrutura e guias, mas nada que estrague o ´passeio.","Belém, PA",Friends,,7,DATE_NULL;
11869,11869,Patrícia,Passeio em família,50,"Bom local para passear e conhecer espaços históricos de Belém, como o teatro da paz e coretos. O domingo é o dia de feirinha, onde fica mais mpvimentado e animado. Recomendo atenção.","Belém, PA",Families,,9,DATE_NULL;
11874,11874,jcwcavalcante,Passeio dominical,50,"Programe este passeio no domingo cedo. É porque tem uma feirinha dominical onde você encontra de tudo: artesanato local, objetos de antiguidades, quadros, culinária local. Faça antes das 10 hrs pois a partir daí o movimento fica intenso (aproveite e vá visitar o teatro da paz que fica nesta praça).","Belém, PA",Families,,9,DATE_NULL;
11889,11889,Andrés G,Uma bela praça que tem uma feira ao redor aos domingos,50,"Domingo pela manhã fomos à Praça da República onde tem uma feira, que pensávamos ser de artesanato. A feira nos decepcionou um pouco mas o passeio pela praça e a visita ao teatro compensaram.",macapa,Families,,9,DATE_NULL;
11969,11969,Victor M,belissima,50,"a maior praça de belem, é tao grande que se perde no horizonte, sua grandeza é proporcional a sua beleza, vale muito ir curtir com a familia aos finais de semana ou ate mesmo uma ativade fisica durante a semana. sem duvidas um ótimo passeio e uma bela vista no meio da cidade","Belém, PA",Families,,9,DATE_NULL;
11974,11974,Roberto L,praça grande e movimentada,30,Praça grande e movimentada. Tem feira de artesanato aos domingos. Vale a pena conhecer. Muita gente passeia com seus cachorros também.,"Ananindeua, PA",Families,,9,DATE_NULL;
11978,11978,Nayrasouza,Praça histórica de Belém,40,"A praça da República é um ótimo local para quem gosta de ter contato com a natureza. É ótimo para fazer exercicios físicos ao ar livre, para as crianças brincarem e passear no final da tarde. Aos domingos, tem uma feirinha de artesanato local, além de vender lanches com comidas tipicas tambem.","Belém, PA",Families,,9,DATE_NULL;
11981,11981,EDIMAR C,LINDA PRAÇA,40,"Lugar muito bonito, estive lá e confirmei que vale a pena dar uma voltinha e verificar e também fotografar. recomendo.","Rio de Janeiro, RJ",Families,,9,DATE_NULL;
11987,11987,KeithMorata,Interessante,40,"O museu pe bonito, suntuoso...Do lado de fora tem manifestações culturais, como uma banda de música caribenha estava se apresentando e uns moradores muito engraçados dançando...uma farra.Tem uma enorme feira de artesanato na praça aos domingos.Vela a visita.",,Families,,9,DATE_NULL;
11990,11990,MCSC1506,Belém é portal de entrada na amazônia,40,"Esta praça, que já foi considerada umas das mais belas do brasil, é uma atração boa e barata tanto para o turista quanto para o visitante local. Rodeada por lindas mangueiras e belas passarelas, também abriga um dos mais belos e imponentes teatros do brasil, Teatro da Paz. Aos domingos reunem-se artistas das mais diversas formações, artesões expondo seus produtos e, em geral, música ao vivo nos coretos. è bom também saborear um pouco da culinária local nas diversas barraquinhas lá instaladas.","Belém, PA",Families,,9,DATE_NULL;
12034,12034,STNPC,Pouco movimentada,30,"Talvez por ter sido em um sábado pela manhã, mas estava praticamente sem ninguém. Local é agradável e é onde está localizado o teatro municipal.","Fortaleza, CE",Families,,9,DATE_NULL;
12039,12039,Isabel S,Precisa de mais atenção,40,"Uma bela praça, dia de domingo cedo acontece as vendas de artesanato, lanches e entre outras coisas, mas infelizmente há pessoas que não sabem cuidar do patrimônio público e acabam destruindo as ""coisas"" que ficam na praça. Andar por ali em alguns horários onde há pouco movimento requer cuidado... na verdade, ultimamente andar ali é preciso possuir atenção.","Niterói, RJ",Families,,9,DATE_NULL;
12049,12049,Elys B,Passeio de domingo,50,"Passeio ótimo de domingo e para quem tem cachorro é excelente para passear, sempre tem muito cachorro passeando e para adoção. Vários quiosques de guloseimas uma mais gostosa que a outra e vários artesanatos também. É bem legal!","Belém, Para, Brazil",Families,,9,DATE_NULL;
12066,12066,Eliakim m,Otimo,50,muito bom nos domingostem cultura e lazerótimo para quem gosta de comprar artesanatos e teatro de rua.,"Belém, PA",Families,,9,DATE_NULL;
12089,12089,RosaCarvalho,PRAÇA DE ARTESANATOS,50,"Praça linda, arborizada e enorme. Uma das praças mais bonitas do Brasil! Em frente ao teatro da Paz! Nela também se encontra o teatro Waldemar Henrique. Centro de cultura e artesanatos.","Belém, PA",Families,,9,DATE_NULL;
12091,12091,Manauara,Passeio aos Domingos,50,"Aos Domingos tem feira (com tudo q possa imaginar), palco com música, brincadeiras e muita gente passeando. Por ser bem arborizada, mesmo com o calor do norte é possível apreciar a praça, seus monumento e o Teatro da Paz. Se esquentar demais tome uma água de coco.","Belém, Para, Brazil",Families,,9,DATE_NULL;
12092,12092,Daniel M,Excelente...,40,"Um ótimo lugar para passear com a família, principalmente aos domingos, pois ocorre uma feira de artesanato. Muito arborizada e bonita.",,Families,,9,DATE_NULL;
12113,12113,Luana A,insegura,30,"Embora essa praça se localize no centro da cidade e seja palco de muitas feirinhas é um tanto perigosa, pois é repleta de desocupados, drogados e marginais.","Fortaleza, CE",Families,,9,DATE_NULL;
12126,12126,Henrique V,Praça da República,40,"Praça mais central da cidade.Perto do Teatro e no domingo há feira de artesanato,produtos regionais, dentre outras coisas.Fim de semana é bem agradável como lazer para crianças.","Fortaleza, Ceara, Brazil",Families,,9,DATE_NULL;
12138,12138,Euvaldo L,Turismo,40,"A Praça da República está repleta de pontos de interesse turístico. É um local muito agradável, tem três teatros, um bar ao ar livre, uma feirinha dominical e i Theatro da Paz além de um belo monumento.","Brasília, DF",Couples,,9,DATE_NULL;
12152,12152,Juarez S,Bonita praça ,40,"A praça é bonita e nos Domingos tem uma feirinha interessante que poderia ser melhor explorada com coisas da região pois na maioria parece o Paraguai, mas teve dança de catimbó que foi bem legal.","São Paulo, SP",Couples,,9,DATE_NULL;
12170,12170,Ana C,Reforma,20,"Fiquei muito chateada por encontrar a praça em reforma. Dizem que está assim há mais de 1 ano. Ao invés de contemplar a beleza em um passeio pelo lugar, o que vi me deixou triste: tapumes por toda praça nas proximidades do Teatro e muitos moradores de rua, além de lixo e fezes humanas e de cachorros. A sensação de insegurança é total por ali.Recomendo não visitar enquanto não terminar a reforma.","Curitiba, PR",Couples,,9,DATE_NULL;
12171,12171,Luiz A,Uma Praça sem Graça e Perigosa,30,"A Praça em si abriga um Coreto e o Majestoso Teatro da Paz. Mal cuidada como tudo em Belém, é um local perigoso durante o dia e perigosíssimo a noite. Todos os dias. Aos Domingos pela manhã ela vira uma Grande Feira com diversas barracas que vendem de tudo. De bombons a outros artigos da gastronomia regional. Mas é uma Feira pobre em criatividade. A maior parte do que se vende lá hoje são produtos Chineses. Roupas, aparelhos eletrônicos, armações de óculos numa 25 de Março de SP piorada.","Porto Alegre, RS",Couples,,9,DATE_NULL;
12172,12172,Sandra S,Feira de artesanato ,30,"Achei fraca.Tinha mais roupas e alimentos.Não voltaria.Vale Aproveitar para conhecer o teatro da Paz.Essa sim,é uma visita imperdível","Maceió, AL",Couples,,9,DATE_NULL;
12190,12190,Brenda C,Domingos de Passeio,40,"Aos domingos pela manhã sempre é bom sair de casa com a família em busca de aproveitar o momento. E podemos aproveitar este momento, fazendo um bom passeio pela Praça da República, principalmente aos domingos que tem a feira de artesanato com coisas lindas para se vender. E também amo pelo fato de podermos levar nossos pets para também desfrutarem, deste momento em família.","Belém, PA",Couples,,9,DATE_NULL;
12194,12194,ygoraf,Movimentada,30,"Essa já foi a praça mais importante de são Paulo, especialmente por estar licaluzada no centro, próxima de ruas comerciais importantes. Ali está a prefeitura. Mas cuide com is batedores de carteiras. Não oerca a feringa de arresanatos. Fácil de chegar! Muito movimentada!","Porto Alegre, RS",Couples,,9,DATE_NULL;
12195,12195,Washingthon E,Agradável,50,"A praça é agradável, alguns pontos estavam sendo reformados, não deu para ficar por muito tempo no local.","Belém, PA",Couples,,9,DATE_NULL;
12196,12196,Ronaldo A,Passeio para família,20,"Embora ainda esteja precisando de uma boa revitalização, a Praça da República sempre está bem movimentada nas manhãs de domingo.","Rio de Janeiro, RJ",Couples,,9,DATE_NULL;
12198,12198,Avelino P,Praça,50,"É a maior praça de Belém,com suas frondosas árvores ,principalmente mangueiras que cercam a praça toda,é onde está localizada o imponente teatro municipal,aos domingos tem uma feira ,com artesanatos, roupas,sapatos,comidas com uma variedade de pratos  típicos da região como ,maniçoba, tacaca,vatapá caruru,tapioca etc.....é um excelente passeio de domingo.",,Couples,,9,DATE_NULL;
12199,12199,Tays T,Dia de lazer,50,"A praça da República e uma ótimo pedido aos domingos de manhã , tem feiras de artesanato,  venda e doação de animas , música , venda de comidas, brinquedos entre outras coisas...Melhor época e de Junho até o início de julho,a praça da República recebe o arrastões do pavulagem onde mostra um pouco da cultura Paraense e trás milhões de pessoas a praça da república para apreciar a cultura do Pará.",,Couples,,9,DATE_NULL;
12200,12200,Claufurmendo,Praça Colonial em Belém,40,"A Praça da República é um dos pontos mais marcantes da Belém da época do ciclo da borracha. Além de abrigar o Teatro da Paz, há que se ver os coretos e outras obras em seu interior, agora em fase de restauração. Aos domingos, funciona uma enorme feira de artesanato.","Belém, PA",Couples,,9,DATE_NULL;
12201,12201,Juliana Re,Péssima,20,"Fomos ontem e falta tudo, limpeza, organização e beleza. Os prédios estão sujos e descascando. A feirinha não tem nada demais, só coisas industrializadas. Não vale o deslocamento.","Porto, Portugal",Couples,,9,DATE_NULL;
12202,12202,Marcelle M,Linda / em reforma / feira aos domingos,40,"Uma bela praça ! Arborizada ! Com história e monumentos , está mal cuidada e por isso está em reforma ! Aos domingos vc aproveitará uma feirinha com várias barraquinhas com artigos e produtos da região! No meio da praça vc verá o Teatro da Paz e o Bar do Parque ! De noite não eh bom ir ! Eh bem perigoso de noite !!!! Cuidado !","Belém, PA",Couples,,9,DATE_NULL;
12224,12224,Igorsnobre,belíssima praça!,40,"O lugar é bastante bonito e frequentado pelo povo paraense. O verde predomina. Vi muitos pais com seus filhos se divertindo ao ar livre. Lá também tem uma feirinha de artesanato, onde você pode comprar presentes para os amigos e familiares.",,Couples,,9,DATE_NULL;
12230,12230,GINASOBRAL1,"INTERESSANTE O LOCAL, AGRADÁVEL ÁREA URBANA.",40,"Maltratada pelo poder público, muitas pichações degradando os monumentos históricos lindos ali existentes.","Santos, SP",Couples,,9,DATE_NULL;
12234,12234,Vera Lúcia O,Teatro da Paz  Espetacular!,50,"O Teatro da Paz está na Praça da República e é imperdível.Visitamos o museu c/o guia, R$ 4,00 po pessoa, que nos mostrou todos andares e a a história de cada um. É cópia fiel do Escala de Milão. Riquezas de detalhes, pinturas e arquitetura, sem igual.Quem vai a Belém não pode deixar de conhecer.",Nova Lima,Couples,,9,DATE_NULL;
12235,12235,Rosana M,Feiras e eventos,30,"Local onde se situa o Teatro da Paz. Aos domingos abriga uma feira que contém vários artigos novos (roupas), um pouco de artesanato, quadros, antiguidades.","São Paulo, SP",Couples,,9,DATE_NULL;
12237,12237,Yuri M,"Bonita, porém...",40,"Jamais recomendo a turistas frequentar o local a noite. Lugar extremamente soturno com grande quantidade de marginais em algumas áreas. Já aos domingos, principalmente pela manhã, é parada obrigatória pra quem visita a cidade. Conta com diversos pontos interessantes como o bar do parque e principalmente o Teatro da Paz. Fácil notar as riquezas e luxos trazidos pela era da borracha.","Salvador, BA",Couples,,9,DATE_NULL;
12257,12257,marilya s,domingo,40,"nesta praça esta o mais belo teatro da cidade, o teatro da paz.Ela é bem arborizada e com espaço para passeios com crianças, bichinhos....No domingo sempre acontece um feira com vendas principalmente de artigos regionais.","Belém, PA",Couples,,9,DATE_NULL;
12262,12262,Bernardo N,feira,50,"Gostei muito desta praça pela história que traz pelo teatro, pela feira que acontece todos os domingos...","São Caetano do Sul, SP",Couples,,9,DATE_NULL;
12263,12263,Luciana E,local arborizado e agradável,40,"Nessa praça fica localizado o teatro da paz, além de outros prédios históricos, aos domingos pela manhã, há uma grande feirinha de artesanato, e apresentações da cultura popular, muito agradável para passeio em família.","Fortaleza, CE",Couples,,9,DATE_NULL;
12264,12264,tania h,Linda!!!,50,"Muito bem cuidada,com construções arquitetonicas incríveis.Tive sorte,pois peguei a Feira de Artesanato no Domingo,e à noita as barraquinhas de comida típicas.","Belo Horizonte, MG",Couples,,9,DATE_NULL;
12306,12306,Irineu C,Lindo conjunto arquitetônico,50,"Excelente complexo em harmonia com o Teatro da Paz, praça limpa, arborizada,dotada de segurança e um perfeito local para lazer.","Manaus, AM",Alone,,9,DATE_NULL;
12308,12308,Carlos Eduardo C,PRAÇA NO CENTRO DA CIDADE,40,"Praça linda , com muitas barraquinhas de vendas no domingo, muito bom para ir com a criançada e família , lá também fica o famoso teatro da paz","Fortaleza, CE",Alone,,9,DATE_NULL;
12324,12324,Bruno G,Curaçao de Belem,50,"Adoro essa praça, grande com un parque no meio, tipica arquitetura Paraense. Lugar bacano para passear, tem artesanato também. Durante o dia è bastante segura ou pelo menos não muito perigosa. Proxima aos Docas e ao Ver o Peso e as ruas onde tem mercados o dia inteiro!","Vercelli, Itália",Alone,,9,DATE_NULL;
12345,12345,Marco S,Esquecida...,20,"A praça em si não tem nenhum atrativo, exceto sua proximidade ao Theatro da Paz. Ela está verdadeiramente abandonada, esquecida, pichada. Uma pena...",,Alone,,9,DATE_NULL;
12361,12361,Arlete C,Passeio ao ar livre.,40,Nos domingos a Praça da REpública tem uma feira de artigos tipicos variados onde você encontra peças feitas pelos artesãos de Belem. Tudo com muito bom gosto e tradição. O passeio pela praça é tranquilo tendo local até para dar um cochilo.,"Pôrto Velho, Rondonia, Brazil",Alone,,9,DATE_NULL;
12362,12362,Ed.Amorim,"Bela praça com lagos, jardins, coreto!",40,"Praça muito bonita e arborizada com pequenos lagos, jardins, pontes, coreto, excelente para uma caminhada ou mesmo para relaxar após visitar outros pontos turísticos próximos.","Belo Horizonte, MG",Alone,,9,DATE_NULL;
12367,12367,Mariana_mcf,Gosto bastante,40,"Praça grande, bonita e com coreto muito charmoso. Bem no centro da cidade, há muito verde e beleza.Aos domigos tem feirinha e lá pode-se encontrar tudo que imaginar, além de feira de adoção de bichos e movimentos sociais/jovens.A noite é menos movimentado e as pessoas costumam evitá-la.","Fortaleza, CE",Alone,,9,DATE_NULL;
12382,12382,BelChuva,Bonito jardins,40,"Onde fica o Teatro da Paz e os principais hotéis da cidade Reza a lenda que a noite é bom ficar de olho, pois não é bem frequentado.Uma visita ao Teatro da Paz você conhece a Praça e seus jardins. Bucólico!","Rio de Janeiro, RJ",Alone,,9,DATE_NULL;
12383,12383,Rhb2014,"Sujeira e falta de educação, o mal do nosso país",20,"Infelizmente, como em tantas outras partes da cidade, muito suja. A feirinha aos domingos é bem legal.","Porto Alegre, RS",Alone,,9,DATE_NULL;
12388,12388,Paulo I,pode ficar melhor,30,"Sendo um lugar de referência, poderia ser melhor aproveitado, não apenas revitalizando-o, o que precisa, pois seu aspecto não é tão atrativo, mas incrementando com mais opções culturais e atrações itinerantes.","Núcleo Bandeirante, DF",Alone,,9,DATE_NULL;
12414,12414,Marcilio B,Praça muito bonita,40,"Praça com uma infraestrutura bacana, principalmente dia de domingo, pois tem uma feira de artezanato.","Salvador, BA",Business,,9,DATE_NULL;
12415,12415,Renata L,Local para passeios e manifestações,40,"Aos Domingos, tem uma feira de artesanato famosa.Local bom para passeios, caminhadas, mas durante o dia. Foi lá que aconteceu a última manifestação contra o governo.","Rio de Janeiro, RJ",Business,,9,DATE_NULL;
12416,12416,Fulvio Delavi pelo mundo,Centro de Manifestação Popular,40,"A praça da República congrega todas as ""tribos"" do Pará. No domingo uma feira reúne aqui artesanato, música, dança, alimentação e muita coisa interessante.","Porto Alegre, RS",Business,,9,DATE_NULL;
12436,12436,Gisa2014,Dia de domingo,40,"O melhor dia pra visitar a praça da república é no domingo. Promovem uma verdadeira feira na praça, o que é muito interessante porque você acha de tudo pra comprar, de comidas típicas a lembrancinhas. Os preços são bem mais em conta do que qualquer dia no ver o peso.","São Luís, MA",Business,,9,DATE_NULL;
12454,12454,AlexCostaRecife,Um passeio na história!,50,"Gostei da limpesa, das estátuas de bronze, dos arcos maravilhosos, das fontes. Tudo é lindo!",Recife,Business,,9,DATE_NULL;
12500,12500,Bruna M,Feira de domingo ,50,"Fui na praça no domingo, quando tem uma feira de artesanato e comida. Tem atrações também para crianças, pessoas passeando com seus cachorrinhos e fazendo piquenique. Bem familiar, me senti segura ali. Os artigos de artesanato possuem preços acessíveis. Também é possível encontrar os famosos bombons de cupuaçu artesanais.","Rio de Janeiro, RJ",Friends,,9,DATE_NULL;
12502,12502,Helen Brite,Feira típica e atrações culturais em datas comemorativas ,40,Um dos melhores lugares para passear no domingo de manhã quando a feira funciona e pode dispor de atrações culturais como música e dança. Fora que possui dois teatros: Waldemar Heinqrique e Teatro da Paz.,"Belém, PA",Friends,,9,DATE_NULL;
12542,12542,tourotai,praça,40,"bom lugar para passear com a familia, amigos, namorada e etc, otima praça bem arborizada, quem for não se arrependerá.","Foz do Iguaçu, PR",Friends,,9,DATE_NULL;
12543,12543,Marcia Z,Bem policiado e conservado.,40,"Belém do Pará de um modo geral,tem falta de higiene e limpeza. Alguns lugares como esta praça esta bem cuidada e são locais que vale a pena visitar.","Altamira, PA",Friends,,9,DATE_NULL;
12553,12553,Ricardo B,Uma das praças mais belas de Belém,40,Me encantei pela praça que é muito bem arborizada e limpa. Excelente opção para passear em família e para prática de caminhadas.,"Santos, SP",Friends,,9,DATE_NULL;
12559,12559,Paulo P,Praça bonita,50,Lugar ideal para levar a família principalmente no domingo para passear e comprar na feira de artesanato que só está aos domingos montada,"Fortaleza, CE",Friends,,9,DATE_NULL;
12563,12563,Keila Simone D,Lugar lindo,40,"A praça é um ambiente público que oferece lugar para fazer caminhadas, sentar para conversar e curtir uma sombra gostosa.","Belém, PA",Friends,,9,DATE_NULL;
12567,12567,Kamila R,otimo lugar para uma caminhada,40,"Lugar excelente para uma caminhada, passeio de rotina, ir com a familia tomar uma agua de Côco. Super indico para relaxar da rotina estressante!","Rio de Janeiro, RJ",Friends,,9,DATE_NULL;
12583,12583,THAYS S,ótimo,50,"praca linda, bem cuidada. Aos domingos tem uma feirinha pela manha que tem tudo. muito bom mesmo. Vale a pena","Fortaleza, CE",Friends,,9,DATE_NULL;
12590,12590,KarianeAlcantara25,atividade ao ar livre,30,muito bom p fazer atividade ao ar livre o ruim é que temos que ter cuidado com os constantes assaltos no domingo tem uma feirinha artesanal muito legal,,Friends,,9,DATE_NULL;
12610,12610,samcoelhoaaraujo,Retrô,40,"Ao andar por esta praça nos remete ao passado, com o belíssimo Teatro da Paz incrustado nela, com o corredor de mangueiras é muito movimentada no fim de semana. A feira aos domingos é bem freqüentada, porém, necessita de reparos.","Belém, PA",Friends,,9,DATE_NULL;
12611,12611,Alvany Pires C,Local de muito lazer,50,"Uma praça com muitas árvores, bancos, sombras, locais lindos para fotografar, próximo ao centro, com várias lojas e restaurantes ao seu redor. Aos finais de semana fica muito mais animada, com barracas padronizadas com produtos da região e artesanatos em geral, além de comidas típicas da cidade, como vatapá, caruru, maniçoba, pato no tucupi e o famoso açaí. É uma boa pedida para o final de semana.",Ananindeua,Friends,,9,DATE_NULL;
12624,12624,Ione2013,2014,50,"Local muito indicado pelo paraense para curtir o domingo. No dia que visitei estava tomado por pessoas com muita musica boa e dança regional, comida em barracas e artesanato local muito pouco o que mais tinha era produtos industrializados que não tem nada a ver com o local.",,Friends,,9,DATE_NULL;
12635,12635,Pedro R,Ótimo lugar para Passeio,40,"Eu recomendo que seja visitado no domingo, o dia em que tem a feira de artesanato além de uma variedade de outros produtos. Se for em um bom dia, há possibilidade de haver alguma apresentação cultural.","Belém, PA",Friends,,9,DATE_NULL;
12641,12641,WellenAvila,Ar fresco em meio ao trânsito,40,"A Praça é bem arborizada o que faz com que tenha o clima muito bom para exercicios ao fim da tarde ou mesmo para um bom passeio de casal a noite, a praça é totalmente arborizada com lindas mangueiras o que deixa aquele mormaço de Belém de lado. No domingo pela manhã é o principal encontro de amigos e família para passeio, pois existe variedades com a feirinha de artesanato que fica ao logo de toda a praça.","Belém, PA",Friends,,9,DATE_NULL;
12646,12646,Fábio Cavalcant... S,lugar para se encontrar com os amigos,50,ótimo lugar para se encontrar com amigos e tem uma feirinha no domingo ótima pra comprar lembrancinhas e coisas diferentes vale a pena passar la no domingo,"Caxias Do Sul, RS",Friends,,9,DATE_NULL;
12650,12650,rafaeelfreitas,Passeio para o domingo de manhã,50,"Melhor opção da cidade no domingo pela manhã. Praça bastante arborizada e bem estruturada. Aos domingos conta com várias atrações culturais, bem como uma feirinha com venda de artesanatos locais, de todos os preços e tamanhos.","Macapá, AP",Friends,,9,DATE_NULL;
12663,12663,Ravini M,Passeio de domingo,40,"Quem for a belém não pode deixar de visitar a Praça da República no domingo pela manhã. O lugar fica cheio de barraquinhas com várias coisas para se comprar, principalmente artigos típicos e artesanatos variados. É um passeio que não pode deixar de ser feito.","Rio de Janeiro, Rio de Janeiro, Brazil",Friends,,9,DATE_NULL;
12695,12695,yzzymc,Parte da História de Belém,40,"Bem... Neste lugar me senti segura. Local rodeado de muito verde,  tem segurança... água de coco geladinha. Cercado de uma arquitetura belíssima. Vale a pena conhecer esta beleza em Belém.","Belém, PA",Families,,3,DATE_NULL;
12717,12717,claudio_byte,"A arquitetura antiga,  a vista do Mercado Ver-o-Peso, os canhões de 1864, são bons motivos para a visita.",30,"É um belo passeio, além dos atrativos já mencionados, fica próximo à casa das 11 Janelas que é um espaço para exposições e da Catedral da Sé além do hotel A Corte, que tem um restaurante aconchegante de excelente custo x  beneficio. Também está bem próximo do mercado Ver-O-Peso e da Estação das Docas. Enfim, apesar de Belém estar um pouco abandonada, a visita aos lugares é interessante.","Brasília, DF",Families,,3,DATE_NULL;
12718,12718,Felipe V,Falta algo,30,"A vista para a baía do Guajará e ver-o-peso é excelente, mas como museu é decepcionante. Há muito a ser explorado sobre a história do local, mas o acervo e informações  sobre o forte, as batalhas e o nascimento da cidade são decepcionantes. O valor da entrada R$4 vale somente pela vista.","Porto Alegre, RS",Families,,3,DATE_NULL;
12719,12719,cizalimacarioca,Conhecer sobre a historia dos Índios da região.,50,"Um lugar onde você aprende sobre a historia dos índios da Região, dos invasores, porque a cidade do Pará foi fundada, descobertas de relíquias, etc...",,Families,,3,DATE_NULL;
12720,12720,Luiz A,Ponto de Referência,50,"Muito bem conservado pelo exército e prefeitura, o Forte é um lugar incrível quando se toma como referência o ano de 1616 e o medo dos Portugueses de perderem o controle da região para os Franceses que já haviam chegado no Maranhão. Visita divida em duas partes: uma interior onde há um mini museu com objetos de diversas épocas, incluindo a explicação da construção física do Forte e da explicação da sua importância no início da fundação e depois através dos tempos. Do lado externo uma visão fantástica do Rio, do Mercado Ver o Peso. Imperdível. É a atração mais bem conservada e preservada da Belém.",,Families,,3,DATE_NULL;
12763,12763,Thiago M,ensaio fotografico,30,"local sem muitas sombras, visto que é em belém, sem local para trocar de roupa ou banheiro de uso do público. porém com uma vista perfeita e grande acervo histórico","Belém, PA",Families,,3,DATE_NULL;
12770,12770,Ágata Maia,Sentar e admirar,50,"Um local que conta um pouco da história de cidade, da sua construção e transformação. Nas muralhas do forte você pode sentar para ver a vista do rio e do ver o peso além de tirar belas fotos!",,Families,,3,DATE_NULL;
12772,12772,Salete S,Nascimento da cidade de Belém,50,É um lugar excelente para observar a baia de Guajará e sua arquitetura hoje faz parte do Complexo Feliz Luzitania.,"Belém, PA",Families,,3,DATE_NULL;
12775,12775,jean c,Mara!,50,"A vista é ótima, um programa para o fim da tarde e começo  do dia, a história do Pará passa por aqui.",,Families,,3,DATE_NULL;
12784,12784,PhilipeJuliano,Bom,30,"Tem uma excelente vista da cidade. Com vários canhões e uma boa vista, é isso. Não tem muita coisa, trata-se de uma visita rápida se você já está passando pelo centro. Não vale se deslocar especificamente para ir lá, mas se estiver passando por lá dê uma esticada.",Belém,Families,,3,DATE_NULL;
12789,12789,KeithMorata,Vista incrível,50,"Gsotei muito.Dá para ir andando do Ver-o-peso, fica perto.O forte é bem cuidado, tem uns canhões antigos, bonitos...A vista é linda, do rio, do mercado, das docas, das ilhas ao fundo.Vale a pena o passeio.","São José dos Campos, SP",Families,,3,DATE_NULL;
12823,12823,Alessandra S,Lugar acolhedor,50,"Este é ponto turístico de Belém que mais gosto. Fica à beira da Baia de Guajará onde foi fundada a cidade, por isso a existência de Forte. É um local onde você pode sentar em baixo das árvores para relaxar, apreciar a paisagem. Lá tem um restaurante muito bom.","Belém, PA",Families,,3,DATE_NULL;
12847,12847,Sonia A,lugar maravilhoso,40,"muito bonito com uma vista lindíssima, vale a pena a visita e a foto, sem contar com a parte cultural que também é muito legal, além de contar com um otimo restaurante",Belém,Families,,3,DATE_NULL;
12852,12852,Luciano T,Muito bom.,40,"Ótima conservação e local agradável e bonito. Boa oraganização, rico em detalhes da história de Belém,pequeno mas dentro dos padrões para museu. Parabéns.","São Paulo, SP",Families,,3,DATE_NULL;
12853,12853,ronaldo a,interessante,40,"Pequena fortificaçao na area da Feliz Lusitania, com uma vista bem bonita para a cidade e que conta em seu museu ,um pouco da historia da fundaçao de Belem, incluindo peças encontradas nas escavaçoes na area do forte. Recentemente reformado,deve fazer parte de visita ao centro historico de belem, que inclui a catedral da Se, casa das Onze Janelas e Museu de Arte Sacra, todos na mesma praça.","Niterói, RJ",Families,,3,DATE_NULL;
12854,12854,Alvany Pires C,Ponto Turistico,50,"Forte do Presépio, também chamado de Forte do Castelo, uma vista impressionante para a Baía do Guajará. Ele representa a historia do nascimento da cidade de Belém, devido ser um dos pontos turísticos da cidade e pela paisagem que é linda, as fotos ficam perfeitas, além do que fica bem próximo do Mercado do Ver-o-Peso que também é outro ponto turístico. Vale muito á pena conhecer.",Ananindeua,Families,,3,DATE_NULL;
12864,12864,Elys B,Bonito,40,Legal de se conhecer e vê o pôr-do-dol de lá. Uma passei opara família sábado a tarde. Sem falar que é perto de vários outros lugares legais de conhecer!,Macapá,Families,,3,DATE_NULL;
12879,12879,Reginaldo L,O forte do presépio é um ponto turístico que deve ser visitado,50,O forte do presépio merece uma visita pois ali é mostrado uma parte da história de Natal e do nosso país.,"Vitória, ES",Families,,3,DATE_NULL;
12896,12896,Gilmara C,Visual muito legal,50,Local muito agradavel e com um visual muito bom. É possivel tirar muitas fotos e também fazer uma visita ao museo que ficar dentro do Forte.,"Manaus, AM",Families,,3,DATE_NULL;
12901,12901,Antonio F,Divino Presépio,50,"Um Museu dentro de um Forte que é um Presépio, que com canhões e com um contar da história pode engrandecer a nossa vida.","Salvador, BA",Families,,3,DATE_NULL;
12902,12902,luhamoy,bom lugar para ver o rio,40,"o lugar foi restaurado e fica lindo iluminado fica junto da casa das onze janelas, tem um pequeno museo e a vista é linda ao por do sol, cuidado com a bolsa nos arredores",belem,Families,,3,DATE_NULL;
12934,12934,Euvaldo L,Turismo,30,"É interessante, visite se tiver tempo. Tem alguns canhões antigos e um pouco de história. Bela localização, é melhor visitar à tarde. Fica numa Praça repleta de atrações turísticas.","Brasília, DF",Couples,,3,DATE_NULL;
12935,12935,Viviane G,Vista incrivel,50,"A visita foi uma delícia. Do tipo do forte se vê toda a área do centro velho, o Mercado Ver-o-Peso, o mercado do peixe e da carne, a catedral e a cada das onze janelas. Fotos incríveis podem ser produzidas lá. O passeio ê agradável e a área muito mais bonita e bem cuidados que a região dos mercados.","Manaus, AM",Couples,,3,DATE_NULL;
12970,12970,Leonardo G,Muito bom!,50,"Local histórico e pra quem gosta de história, visita obrigatória. Lugar segura e bem cuidados. Recomendo a visita!","Curitiba, PR",Couples,,3,DATE_NULL;
12971,12971,Ana C,Imperdível,50,"O Forte é um lugar muito bacana de ir. O visual de cima dele é sensacional, é possível ver as construções no entorno, o mercado do peixe e a vista da Baía do Guajara. Agora, o imperdível mesmo é o museu que tem dentro do Forte. Ali você pode conhecer mais a história da colonização de Belém, das tribos que ali viviam, a cultura dos povos indígenas da região e objetos inacreditáveis encontrados nas escavações do Forte. Sugiro fortemente a visita.","Curitiba, PR",Couples,,3,DATE_NULL;
13001,13001,Priscila Inocencio,História local,50,"Construção imponente, muito bonito e com museu interno. História do Brasil viva e conceda muito conhecimento essa visita ao local!",,Couples,,3,DATE_NULL;
13020,13020,Washingthon E,Interessante,50,"Local com vista privilegiada sobre a costa da cidade. É pequeno o espaço do forte, mas vale a pena vistar, e ainda tem um museu dentro do forte.",,Couples,,3,DATE_NULL;
13021,13021,Ronaldo A,Excelente local para conhecer mais da história de Belém,40,"Uma boa opção para passeio, principalmente de fim de tarde. Há um museu excelente. Programação com amigos, família é um local ótimo.",,Couples,,3,DATE_NULL;
13022,13022,crmigliati,Uma volta ao tempo,50,Cobrado um valor de uma entrada simbólica e um custo beneficio inestimável. Tudo preservado em sua versão original quanto aos canhões e demais estruturas. Também é mantido um museu. Vale a pena.,"São Carlos, SP",Couples,,3,DATE_NULL;
13024,13024,Abigail_Araujo,Lindo lugar...,40,"Local gratuito, com muito verde e excelentes lugares para fotos. Fui pela manhã e tinha muitas guardas espalhados pelo local. Me senti bem segura.","Mossoró, RN",Couples,,3,DATE_NULL;
13025,13025,Angela Maria G,Interessante,50,"Muito interessante, uma construção secular, na parte externa pôde-se apreciar uma bela vista da cidade, internamente tem um museu bastante curioso, no local tem um professor que explica com muito conhecimento sobre a história de Belém","Balneário Camboriú, SC",Couples,,3,DATE_NULL;
13026,13026,Renan Menezes,Vista panoramica do encontro dos rios,30,"Um local para você saber um pouco sobre a história de belém, como foi fundada e com era os índios na época da colonização","Guarulhos, SP",Couples,,3,DATE_NULL;
13027,13027,Juliana Re,"Passeio bom, bonito e barato",40,"Além da história que ali foi construída, só pela vista já valeria os R$ 2 pagos (ou muito mais) para visitar o museu e a área do forte. O pequeno museu é encantador, várias histórias interessantes e alguns objetos. Do forte dá para ver o Ver-o-peso e tirar belas fotos.","Porto, Portugal",Couples,,3,DATE_NULL;
13059,13059,Igorsnobre,Museu histórico,40,"O forte preserva suas memórias desde os tempos de invasão dos portugueses ao lugar. Lá se preserva vários canhões de guerra. Fica bem próximo da igreja da sé, com isso visite os 2. Bem próximo existe a cada das 7 janelas, se não me engano e um restaurante fino.","Florianópolis, SC",Couples,,3,DATE_NULL;
13074,13074,Camila,Vista bonita,40,"fomos num domingo e não nos cobraram entrada, pq? Não sei. O forte está bem conservado e tem um pequeno museu bonito. Você não vai gastar nem 5 minutos para andar pelo forte e tirar as suas fotos. O jardim em frente é muito bonito.","São Paulo, SP",Couples,,3,DATE_NULL;
13078,13078,Vera Lúcia O,Muito bacana,50,"Forte ao lado das Onze janelas, na Cidade Velha, bem policiado e muito interessante. Vista maravilhosa do rio, é um passeio histórico.",Nova Lima,Couples,,3,DATE_NULL;
13079,13079,cdcarva,Bela história,40,"A visitação é rápida e vale a pena conhecer um pouco da história do nosso país. De lá, se tem uma vista linda da Baía do Guajará e Mercado Ver-o-Peso","Rio de Janeiro, Brasil",Couples,,3,DATE_NULL;
13080,13080,Antonio Rolim JR,Interessante.,40,O Forte do Presépio está bem conservado e nos dá uma excelente vista do Ver o Peso e do da Bahia de Guajará. Possui um museu que conta um pouco a história do Pará e da origem dos seus povos. Vale a pena visitar mesmo porque fica ao lado da Casa das Onze Janelas e Catedral da Sé.,"Fortaleza, CE",Couples,,3,DATE_NULL;
13086,13086,LeandroKabakian,Muito bom,30,"Recomendo como Ponto de partida pra quem vai conhecer Belém. O local é pequeno, em meia hora você conhece o local, curte a vista e da uma passada no Museu do Encontro. Ao lado fica o Espaço Cultural das onze janelas, parada obrigatória.","São Paulo, SP",Couples,,3,DATE_NULL;
13087,13087,Bruno E,Linda vista da Baía do Guajará!,50,"O Forte tem uma vista linda da Baía do Guajará, do Ver-O-Peso e de parte da Cidade. Recomendo o fim de tarde, pois se vê o Sol se pôr, é uma visão Paradisíaca.Lá tem muitos pontos turísticos próximos: Casa das Onze Janelas, Igreja de Santo Alexandre etc.",Estado de São Paulo,Couples,,3,DATE_NULL;
13089,13089,Monique O,lindo forte,40,"Um lugar muito legal para passear, namorar, conhecer e desfrutar sobre a historia de nossa cidade!!Sem contar que fica bem ao lado do boteco das onze janelas, outro lugar maravilhoso e imperdivel....","Brasília, DF",Couples,,3,DATE_NULL;
13116,13116,MuriloDeolino,Um forte as margens de um rio,40,"Gostei muito da visita ao centro, a catedral, o forte do presépio, a casa das 11 janelas, dá pra visitar tudo no mesmo dia. O forte é muito bonito, dá pra tirar fotos lindas.","Salvador, BA",Couples,,3,DATE_NULL;
13117,13117,Luciana E,Bela vista,40,"Vale a pena visitar um museu que há no interior do forte, também caminhe pelo exterior do prédio, na porção superior nós propicia belos espetáculos.","Fortaleza, CE",Couples,,3,DATE_NULL;
13119,13119,Davi F,Legal,40,"Legal de ir visitar, pena que no dia estava fechado por causa do carnaval e muitos turistas não puderam entrar pra conhecer dentro, só por fora.","Santa Maria, RS",Couples,,3,DATE_NULL;
13133,13133,Iarehna,Fascinante mas sem segurança.,40,Uma viagem no tempo. O museu ficou excelente mas a segurança é péssima os distraídos como eu podem cair de uma altura de mais de dois metros porque não tem proteção. Bati a canela em um refletor fissurei o osso porque fica na passagem e eu olhando a bellíssima paisagem não olhei para o chão. Mas mesmo assim vale a pena. Com crianças não as solte de jeito nenhum.,"Rio de Janeiro, RJ",Couples,,3,DATE_NULL;
13134,13134,Paulo A,A principal atração da cidade.,50,Excelente o trabalho de restauração. Bom para tirar fotos da cidade. O Museu com muiraquitãs e cerâmica marajoara é pequeno mas instrutivo e bem refrigerado.,"Fortaleza, Ceara, Brazil",Couples,,3,DATE_NULL;
13138,13138,Ramenmuncher,Bom ambiente para um pouco de história,40,"Boa localização, perto da Catedral e muito bem cuidado. Não big em comparação com outros ""fortalezas costeiras"", mas interessante. A poucos lugares no exterior que estão virados em direção ao rio que é um bom lugar para relaxar e aproveitar a excelente vista.","Brisbane, Austrália",Couples,,3,DATE_NULL;
13142,13142,Nivea P,Excelente,50,Vale muito ir e ficar conhecendo um pouco a história do Pará. Dele você tem uma vista de toda aquela área central de Belém sendo possível isso pela estrutura do forte que permite você de caminhar por todo o entorno.,"Manaus, AM",Alone,,3,DATE_NULL;
13154,13154,Irineu C,Um lugar com vista agradável,40,Excelente e estratégico local para uma foto frente ao rio ou tendo o mercado do Ver-o-Peso ou a Catedral como fundos,"Manaus, AM",Alone,,3,DATE_NULL;
13155,13155,eloi r,Bem cuidado,50,"Local bem cuidado, boa conservação. preço bem acessível. ha um museu logo na entrada. Fica proximo da igreja.","São Miguel do Oeste, SC",Alone,,3,DATE_NULL;
13156,13156,5021Idalina,Volta ao passado,50,"Forte do Presépio um local lindo uma viajem ao passado, maiores de 60 não pagam para entrar outros pagam 4 reais, de lá se consegue ver todo mercado ver o peso e onde se chega o açaí chegando pelo rio.","Campinas, São Paulo, Brazil",Alone,,3,DATE_NULL;
13172,13172,Kim D,Hitórico,50,"Quem vai a Belém não pode deixar de visitar o forte , dentro dele tem uma mostra de arte marajoara, com artefatos antigos, e um pouco da história de Belém.",,Alone,,3,DATE_NULL;
13173,13173,Bruno G,Historia de Belem,50,"Este forte è lindo, bem preservado, fica bem na beira do rio do lado do mercado Ver O Peso. Tem um fascino especial, da Historia de Belem. Muitos Urubu voam ao redor e pousam nas paredes do forte. Tem canhões da epoca bem preservados.",,Alone,,3,DATE_NULL;
13197,13197,Rafa_Guimaraes84,Arquitetura interessante,40,"O forte tem uma arquitetura interessante, com itens bem conservados e boas vistas para a baía. Os canhões são impressionantes, e o caminho de visita é interessante, circulando todo o monumento.","São Paulo, SP",Alone,,3,DATE_NULL;
13200,13200,Marco S,Interessante fortaleza,30,"É um lugar agradável, que contém dois pequenos museus bem organizados e que nos fala, através dos seu acervo, um pouco da história da fundação da cidade.","São Paulo, SP",Alone,,3,DATE_NULL;
13202,13202,HugoCWB,Bonito!! Mas é pequeno!,40,Lugar agradável e bonito!! Mas é super pequeno!! Visita em 5 min!! O bom que é perto de outros pontos turisticos!!,"Curitiba, PR",Alone,,3,DATE_NULL;
13203,13203,855fabiano855,MUSEU MAIS DO QUE FORTE,50,"Vale mais a visita pelo Museu do que pelo Forte em si, já que o Museu conta a história da ocupação humana na Amazônia a partir de achados arqueológicos.","Belém, PA",Alone,,3,DATE_NULL;
13214,13214,christina_paciuli,Um ponto de defesa do Brasil Colonial,50,"Muito bem conservado com seus canhões apontando para o mar, O Forte do  Presépio nos proporciona uma visão geral do Mercado Ver o Peso e a parte velha da capital paraense. Fotos tiradas dai ficam ótimas!","Pouso Alegre, MG",Alone,,3,DATE_NULL;
13226,13226,JH0Jr,belíssima vista,40,"é um dos lugares com uma vista muito bonita, do ver peso e do rio guamá, é parte viva da história do norte e do Pará. esta bem conservado. é perto de vários outros pontos.","Macapá, AP",Alone,,3,DATE_NULL;
13228,13228,Bruno Souza de Paula,O mais belo ponto turístico de Belém,50,"Ótimo local, porém de rápida visita, mas que garante excelentes fotos para a sua viagem. É possível ver o Mercado ver-o-peso de um lado e a Catedral da Sé do outro. Passeio rápido, porém divertido.Estudantes pagam meia entrada.","Santo André, SP",Alone,,3,DATE_NULL;
13241,13241,BelChuva,Bonita vista,40,"Ao lado da Casa das 11 janelas , o Forte tem um pequeno museu com a história do local. Canhões apontam para o Rio e propiciam lindas fotos.Vale a pena conhecer!","Rio de Janeiro, RJ",Alone,,3,DATE_NULL;
13249,13249,Cah772,Um encanto!!,50,A vista da Baía do Guajará é belíssima!! Apreciar o por do sol as margens do rio é uma experiência UNICA!!,"Salvador, BA",Alone,,3,DATE_NULL;
13288,13288,Luana G,História da cidade,50,"O forte é um espaço muito bonito, com vista para o Rio Guamá e o Mercado ver-o-peso. Possui um museu com exposição permanente.","Rio de Janeiro, RJ",Business,,3,DATE_NULL;
13289,13289,GINASOBRAL1,Beleza,40,"Lugar muito bonito e de fácil acesso na parte velha da cidade, lugar gostoso de visitar e de lá podemos ver de longe parte do porto de Belém.","Santos, SP",Business,,3,DATE_NULL;
13301,13301,MatheusTijuca,ótimo lugar...,40,"Um dos cartões postais da cidade parada obrigatória com lindo pôr do sol, localizado na cidade velha aqui se tem o marco de onde nasceu a cidade.","Rio de Janeiro, Rio de Janeiro, Brazil",Business,,3,DATE_NULL;
13323,13323,Eduardo_Brito_Nit,Lindo,50,Um dos mais belos cartões postais da cidade. Não percam essa oportunidade de poder fotografar a cidade de um ângulo diferente.,Niterói,Business,,3,DATE_NULL;
13353,13353,SousaPS,A vista é linda,40,"A vista do local é linda, bem próximo ao Mercado Ver o Peso (uma vista diferente do mercado). Visitei com um grupo de amigos, foi bem divertido.  Vale a pena conhecer, recomendo.","Confresa, MT",Friends,,3,DATE_NULL;
13372,13372,Helen Brite,Ótimo lugar para conhecer mais da história da cidade.,40,A vista do Ver-o-Peso é linda e o vento é ótimo. O Forte também dispõe de um museu com visita guiada para conhecer os achados arqueológicos do lugar. Ótimo para uma manhã ou fim de tarde.,"Belém, PA",Friends,,3,DATE_NULL;
13373,13373,Vall Mendess,Linda Vista da Baia de Guajara!,40,"Visitar o forte propicia uma bela vista dá baía. A visita na área externa não tem custo. No museu não fui, pois havia fechado na hora que cheguei. Fecha as 17 horas.","Campinas, SP",Friends,,3,DATE_NULL;
13375,13375,Luiza Aro,Passeio histórico,40,"Lugar histórico do século XVIII, o forte do presépio foi um marco na fundação de Belém.Muito bom fazer um passeio no final da tarde, o local é bem tranquilo e limpo e tem uma vista bem bonita do rio Guamá.","Belém, PA",Friends,,3,DATE_NULL;
13401,13401,Silvanie Campos de Souza,Passeio,50,"O Forte do Presepio é uma construção historica presente desde a colonização da cidade de Belém. Situado na beiro do rio, no bairro da cidade velha - um bairro historico, é um lugar turisco muito visitado, nele está presente a casa das onze janelas, o museu do forte do presepio e um antigo monsteiro. Dentro do forte, tem um restaurante maravilhoso e uma area de recreação para quem deseja só fazer o passeio, além de ficar localizado em frente a Igreja da Sé, outro lugar maravilhoso para quem curte arquiterura antiga. É um lugar que vale a pena conhecer.","Cabo Frio, RJ",Friends,,3,DATE_NULL;
13423,13423,Tiago D,Muito bom,40,"Esse local e muito bom, tem uma ótima paisagem para a baia Guajará, com alguns canhão o Forte do Presépio e lido tudo muito bem feito, ricos em detalhes recomendo a visita!","São Paulo, SP",Friends,,3,DATE_NULL;
13425,13425,Alice L,Lugar perfeito,50,Para quem gosta de história é um ótimo lugar para ser visitado em Belém..O lugar é muito lindo. Se falar da arquitetura antiga dos prédios...Muito lindo. É encantador.,"Castanhal, PA",Friends,,3,DATE_NULL;
13431,13431,Amanda F,VISTA INCRIVEL,50,"BELÉM, terra linda, fiquei encantada com várias lugares lindos, um dos pontos que me chamou atenção foi o FORTE DO PRESÉPIO, é possível ter uma visão da cidade, muito encantador.","Manaus, AM",Friends,,3,DATE_NULL;
13437,13437,diferama,Preservação excelente!,40,"Apesar de ser [mais um!] ponto turístico sem água e sanitários (e por isso não recebe nota ""excelente""), é muito bem preservado, sem deixar de contar a história local. Vale muito a pena.",,Friends,,3,DATE_NULL;
13498,13498,Guilherme Maia,Bacana,40,"Local bem bonito para se visitar, curtir a passagem e entender um pouco mais do inicio de tudo na cidade, não deixe de perder um tempo dentro do museu.","Belo Horizonte, MG",Friends,,3,DATE_NULL;
13506,13506,Ana_MT1975,Show de Atração Histórica,50,"Gente, é tudo de bom. Pra quem já visitou o Forte dos Reis Magos (RN), os fortes da Bahia e do Rio de Janeiro vai saber do que estamos falando. Imponente, majestoso, todoooo iluminado... lindo, lindo, lindo.Sei que foi um pouco perigoso, mas meu grupo tirou a noite pra andar e visitamos o forte e fomos andando pela ""orla"" até o desembarque dos pescadores no porto. O mal cheiro não atrapalhou e a atmosfera era de passado. Lá dentro tem um restaurante (não entramos) e inúmeras atrações são realizadas (mostras de artes, vernissages, etc...). Achei incrível.","Cuiabá, MT",Friends,,3,DATE_NULL;
13542,13542,flavioal,Boa paisagem,40,"Quem vai a passeio em Belém e tem a oportunidade de ir a Cidade Velha deve passar no Forte do Presépio. Bom lugar para se apreciar a vista do rio e descansar bem acompanhado, de preferência.","Rio de Janeiro, RJ",Friends,,3,DATE_NULL;
13546,13546,Adriano A,o/,40,"Esse sim é com certeza um dos lugares mais bonitos de se ver, isso é claro para quem gosta de história. Alem de possuir vários monumentos o mesmo ainda conta com um museu interno.","Araguaína, TO",Friends,,3,DATE_NULL;
13571,13571,crhossard,Atendimento e local bem agradável,40,"Buffet variado, atendimento excelente, ambiente agradável. Tem problema de estacionamento, pois não tem seu próprio. Mas apesar de ter  que estacionar na rua, nunca tive problema de não achar vaga.","Belém, PA",Families,,8,DATE_NULL;
13575,13575,maurolima2016,Belo passeio pela antiga casa do governador do Pará,50,"Antigo local onde residiam antigos governadores do estado do Pará, totalmente reformado pelo governo e aberto ao público.Contando com coretos antigos, carramanchões, bancos, anfiteatro, sorveteria, além de restaurante sofisticado.","Belém, PA",Families,,8,DATE_NULL;
13586,13586,Gustavo P,Lugar muito agradável,40,"Sempre almoçamos em família aos domingos, comida por quilo de excelente qualidade e sabor. Ambiente muito aconchegante, chegue cedo pois as filas ficam imensas.","Tucuruí, PA",Families,,8,DATE_NULL;
13592,13592,jean c,Antiga casa do Governador PA,50,"É um lugar muito bonito onde podemos encontra um orquidário, um ótimo restaurante, uma excelente sorveteria e um lindo teatro no mesmo lugar.","Serra, ES",Families,,8,DATE_NULL;
13599,13599,Casamento Vithy,Bonito,30,"Um espaço revitalizado para ser usado pelo belenenses, pois possui restaurante delícia, sorveteria gostosa e um belo teatro, contudo anda descuidado pelo governo, muito sujo.","Belém, PA",Families,,8,DATE_NULL;
13600,13600,FgaBRUNA,Lugar lindo!!,50,"Ótimo para passear em família ou com namorado,gostei muito das plantas,da arquitetura dos casarões.Tem uma cafeteria,um restaurante e sorveteria damazonia. Muito bom para ir final de tarde,horários sem sol,pois não é coberto.Tirei fotos lindas e recomendo!!!","Natal, RN",Families,,8,DATE_NULL;
13605,13605,KeithMorata,Bonito,40,"É simples e aconchegante.Antiga casa dos governadores.Tem uma antiga estação com uma vagão de trem.Uma estufa.Vale conhecer, já que fica próximo do Parque Emílio.","São José dos Campos, SP",Families,,8,DATE_NULL;
13608,13608,Susibarros,"Se você está por perto, dê uma passadinha",30,"Não considero o parque da residência como um ponto turístico atrativo o suficiente fazer parte de um roteiro de viagem a Belém. Porém, se estiver próximo a ele, dê uma passadinha. O local parece uma praça muito bem cuidada, com plantas e flores, temperatura mais amena em relação ao resto da cidade, tem banquinhos para sentar e apreciar a tranquilidade do local, e está bem próximo ao museu Emílio Goeldi.","Belém, PA",Families,,8,DATE_NULL;
13617,13617,Morgana_Viana,Ótimo para um passeio romântico no fim de tarde,50,"É um passeio rápido para se fazer, lugar bastante agradável com muito verde e árvores. Tem um restaurante com ótima comida e um pequeno teatro, onde sempre há apresentações de espetáculos de menor porte.Um local que possui um estilo sofisticado muito bom para quem tem bom gosto e aprecia a natureza... tem um orquidário, um coreto feito em ferro rendilhado, lugares para sentar e conversar, calçamento muito bem cuidado, uma sorveteria dentro de um vagão de trem, vale a pena visitar.","Belém, PA",Families,,8,DATE_NULL;
13636,13636,carneiro2013,Conforto e Segurança,50,"Parque da Residencia antiga Casa do Governador, dispõe de restaurante, relíquia da maria fumaça e toda a infra estrutura, segurança e local para uma boa conversa.","Ananindeua, PA",Families,,8,DATE_NULL;
13645,13645,Elys B,Agradável!,50,"Lugar super agradável para passear de tardinha e tomar um sorvete da Cairu lá dentro! Muito bonito e cheio de verde, legal para quem gosta da natureza.","Belém, Para, Brazil",Families,,8,DATE_NULL;
13673,13673,Noronha B,Beleza  Moderna,40,"Fica no coração da cidade perto da rodoviária, tem um lindo anfiteatro e muito espaço verde, tem um casarão antigo muito bonito da época colonial e no final  tem um vagão de trem que é uma sorveteria lindo pra tirar fotos.","Palmas, Tocantins, Brazil",Families,,8,DATE_NULL;
13680,13680,Luana A,local charmoso,50,Fiquei encantada com a exposição permanente de orquídeas. O jardim é bem cuidado e o restaurante de lá é uma maravilha com diversos pratos da culinária local. Imperdível.,"Fortaleza, CE",Families,,8,DATE_NULL;
13681,13681,SAVIO C,BOA OPÇÃO DE PASSEIO EM BELÉM,30,"Lugar bem arborizado, com jardins bem cuidados, anfiteatro, um restaurante maravilhoso e com preço acessível. Há também uma sorveteria tradicional do Pará, com todos os exóticos sovertes de frutas da amazônia. Realmente é um passéio para uma tarde inteira e pode ser feito sozinho, a dois ou com a família. Recomendo!","Belém, PA",Families,,8,DATE_NULL;
13688,13688,FulvioCosta,Excelente ambiente!,50,"Um dos melhores restaurantes da cidade! Ao contrário do que se possa imaginar, você não é assaltado pelo conforto e qualidade dos alimentos. Refeição deliciosa em ambiente climatizado e aconchegante. 1000x recomendado!","Belém, PA",Couples,,8,DATE_NULL;
13707,13707,maria v,"""Charmoso"", excelente ambiente, localizado próximo do centro. Restaurante com uma culinária ótima.",50,"O Parque da Residencia, é um lugar com um ambiente calmo, muito bonito, remete-nos para a natureza com seu paisagismo. É um ponto turístico muito visitado pelos turistas. Quando vier em Belém, não deixe de visitar vai valer apena acredite.",,Couples,,8,DATE_NULL;
13710,13710,Ronaldo A,"Para casais, família, amigos",40,"Lugar onde é possível passear, há uma sorveteira dentro de um trem desativado. Passeio ótimo para casais, família e amigos","Belém, PA",Couples,,8,DATE_NULL;
13744,13744,DanuzaMariano,"Lindo, único!",50,"Lugar que não se pode deixar de conhecer ao viajar a Belém do Pará. O Parque da Residência foi a residência oficial dos governadores do Pará a partir de 1934. O local contem Restaurante (Restô do Parque), Teatro, Anfiteatro, Orquidário, decoração com pedras portuguesas, luminárias antigas, um bonde para visitação, além de um lindo Palacete do início do século XX e de um coreto romântico. É um local bem cuidado, arborizado e inesquecível.","João Pessoa, PB",Couples,,8,DATE_NULL;
13756,13756,Bruno G,Pequeno e relaxante,50,"Antiga residencia do governador, este parque è pequeno porem bonito e cheio de paz, vale a pena curtir uma hora.","Vercelli, Itália",Alone,,8,DATE_NULL;
13758,13758,Sanfer74,Local Histórico,50,"Local muito bem conservado, com uma sorveteria Cairu, claro, afinal, se é ponto turístico, a Sorveteria lá estará","Irecê, BA",Alone,,8,DATE_NULL;
13774,13774,christina_paciuli,Um pouco de História,30,"O parque era a antiga residencia dos governadores do estado e sua sede, uma construção arquitetônica muito bonita. Fica bem no meio do burburinho da cidade, tornando-se um lugar agradável e relaxante!","Pouso Alegre, MG",Alone,,8,DATE_NULL;
13804,13804,SONIA B,TRANQUILIDADE,40,"É um lugar tranquilo, com muito verde, uma sorveteria que fica num vagão de trem e um restaurante aconchegante e com boa comida, é um lugar de médio porte que dá para conhecer em 1 hora, também está bem localizado e de fácil acesso.","Belém, PA",Business,,8,DATE_NULL;
13852,13852,Julia P,Um espaço agradável para variadas atividades,40,"O parque é um jardim diferenciado da cidade. É bem organizado e bonito, não tão frequentado quanto outros lugares da cidade, porém muito agradável. Dispõe de um bom restaurante e um teatro para shows e eventos.","Belém, Para, Brazil",Friends,,8,DATE_NULL;
13860,13860,Armenita M,Restaurante em ponto Turístico de Belém,40,"O Local é muito bonito, o restaurante fica em de casa no centro de uns pontos turísticos Belém. Vale a pena conhecer!","Belém, PA",Friends,,8,DATE_NULL;
13866,13866,Lennocassio,Parque muito bonito,50,Parque que contém muita história do nosso estado e também mantém muitas coisas antigas como um teatro e ambientes agradáveis para se estar com familiares e amigos,,Friends,,8,DATE_NULL;
13869,13869,419ana,Casa do Governador,50,"Está espaço, antigamente, era a casa do governador. Agora, tornou - se um parque, onde tem um pequeno Teatro, Praça  com lindas árvores, em que as pessoas apreciam a sombra. Lugar excelente  para passear e tomar um delicioso sorvete. Confira e veja.",Estado de São Paulo,Friends,,8,DATE_NULL;
13871,13871,Giovanna S,Lugar para conversar ,30,"Local tranquilo para entrar em contato com a natureza, apreciar a arquitetura, dar uma pequena caminhada, conversar com os amigos ou até mesmo namorar.",,Friends,,8,DATE_NULL;
13905,13905,natalialeal,Lugar agradável,40,"Gostei de conhecer o parque da residência, para quem gosta de arquitetura, patrimônio e restauro é uma boa. Bater foto na maria fumaça, conhecer o pequeno teatro ao fundo dentro da estrutura metálica restaurada. Possui também orquidário. Não gostei do restaurante interno, custa 60,00 o kilo, e não achei a comida compatível com o valor, apesar de que o ambiente é agradável.","Teresina, PI",Friends,,8,DATE_NULL;
13923,13923,DavidSimor,lindo,40,"e um lugar lindo, a noite fica ainda mais bonitos , tem uma arquitetura muito incrivel, um exelente lugar para se visitar.","Belém, PA",Friends,,8,DATE_NULL;
13928,13928,Douglas B,Tranquilidade,50,"Onde um dia foi a residencia do governador, hoje pode ser visitado por todos, funcionando como um passeio publico, tem uma sorveteria dentro de um vagão de trem, com sorvetes regionais. ótimo lugar para passear com a família.","Marabá, PA",Friends,,8,DATE_NULL;
13976,13976,Noronha B,bom local para eventos,40,"local bem no meio da cidade, boa estrutura física, hotéis nas proximidades ponto de táxi em frente do hangar, ruim para quem usa ônibus, poucas linhas de ônibus e estacionamento caro.",,Families,,4,DATE_NULL;
13977,13977,Jarbas M,Melhores eventos,50,"O Hangar é sem dúvidas o maior e melhor Centro de Convenções do Pará, os maiores eventos de Belém são realizados nesse centro que conta com uma estrutura fantástica e um espaço gigantesco.",,Families,,4,DATE_NULL;
13989,13989,Ronaldo A,Infraestrutura excelente,40,"Sede de eventos, feiras, congressos. Local excelente na cidade para planejar eventos, congressos. Todo ano a Feira do Livro ocorre neste local.","Belém, PA",Couples,,4,DATE_NULL;
14019,14019,Fernando B,Ótimo para eventos,30,"Se você precisa de um local para seu evento, aqui você pode encontrar ótimas opções. Mas se o evento for um show, o local deixa a desejar no quesito acústica.",,Business,,4,DATE_NULL;
14051,14051,Loucos Por Marketing,FOI UMA HONRA FAZER UMA PALESTRA NESTE HANGAR,50,"Tive o prazer de fazer, há alguns anos, uma palestra neste monumental Centro de Convenções em Belém,Pará. Era um auditório enorme, o maior que já tive na minha vida de palestrante. O Hangar se chama assim porque aproveitou uma primeiro hangar metálico que era da Aeronáutica e em seguida construiu os outros prédios no mesmo estilo. É tão grande que permite a realização de dois eventos ao mesmo tempo, sem nenhuma interferência.","Recife, Pernambuco, Brazil",Business,,4,DATE_NULL;
14062,14062,Thiago P,Super moderno.,50,"um dos mais lindo centro cultural do brasil, uma mistura de modernidade com a traços amazônico. um memorial das mãos das pessoas quem construiu.","Salvador, BA",Friends,,4,DATE_NULL;
14087,14087,rafaeloliveiras,'Hangar - Centro de Convenções e Feira's da Amazônia,50,"é um centro de convenções localizado em Belém do Pará.A atual construção aproveitou um hangar metálico pertencente ao antigo Parque da Aeronáutica e da construção de novas estruturas similares a hangar. Deste modo, as principais características conceituais deste equipamento são grandes vãos livres, flexibilidade de uso, pé direito monumental e multifuncionalidade. É atualmente um dos maiores do Brasil e o maior da Amazônia.","Belém, PA",Friends,,4,DATE_NULL;
14093,14093,cmao45,Moderno,50,"O centro de convenções de Belém, é um espaço com diversos ambientes. Nele vc pode realizar cursos técnicos, show de cantores, peças de teatro , aniversários , casamentos.","Belém, PA",Friends,,4,DATE_NULL;
